ID,Ürün Adı,Kategori,Alt Kategori,Mevcut Görsel URL,Görsel Kaynağı,Yeni Görsel Dosya Adı,Notlar
esofman-takim,EŞOFMAN TAKIM,erkek-giyim,erkek-alt-giyim,https://images.unsplash.com/photo-1621976360623-004223992275?w=400&auto=format&fm=webp&q=75,Unsplash (Dış Link),esofman-takim.jpg,Görseli bu isimle kaydedin
takim-elbise,TAKIM ELBİSE (2 PARÇA),erkek-giyim,erkek-takim-elbise,https://images.unsplash.com/photo-1507003211169-0a1dd7228f2d?w=400&auto=format&fm=webp&q=75,Unsplash (Dış Link),takim-elbise.jpg,Görseli bu isimle kaydedin
gomlek-erkek,GÖMLEK ERKEK,erkek-giyim,erkek-ust-giyim,https://images.unsplash.com/photo-1594938298603-c8148c4dae35?w=400&auto=format&fm=webp&q=75,Unsplash (Dış Link),gomlek-erkek.jpg,Görseli bu isimle kaydedin
ceket-erkek,CEKET ERKEK,erkek-giyim,erkek-ust-giyim,https://images.unsplash.com/photo-1552374196-1ab2a1c593e8?w=400&auto=format&fm=webp&q=75,Unsplash (Dış Link),ceket-erkek.jpg,Görseli bu isimle kaydedin
elbise-kadin,ELBİSE KADIN (NORMAL),kadin-giyim,kadin-elbise-takim,https://images.unsplash.com/photo-1542295669297-4d352b042bca?w=400&auto=format&fm=webp&q=75,Unsplash (Dış Link),elbise-kadin.jpg,Görseli bu isimle kaydedin
bluz-kadin,BLUZ KADIN,kadin-giyim,kadin-ust-giyim,https://images.unsplash.com/photo-1685278463552-51396b0a6287?w=400&auto=format&fm=webp&q=75,Unsplash (Dış Link),bluz-kadin.jpg,Görseli bu isimle kaydedin
gelinlik,GELİNLİK,kadin-giyim,kadin-ozel-giyim,https://images.unsplash.com/photo-1606800052052-a08af7148866?w=400&auto=format&fm=webp&q=75,Unsplash (Dış Link),gelinlik.jpg,Görseli bu isimle kaydedin
cocuk-elbise,ÇOCUK ELBİSESİ,cocuk-giyim,cocuk-ozel-gunler,https://images.unsplash.com/photo-1503944583220-79d8926ad5e2?w=400&auto=format&fm=webp&q=75,Unsplash (Dış Link),cocuk-elbise.jpg,Görseli bu isimle kaydedin
hali-m2,HALI (m² Başına),ev-tekstili,hali-kilim,https://images.unsplash.com/photo-1572123979839-3749e9973aba?w=400&auto=format&fm=webp&q=75,Unsplash (Dış Link),hali-m2.jpg,Görseli bu isimle kaydedin
koltuk-temizlik,KOLTUK TEMİZLİĞİ (Yerinde),ev-tekstili,mobilya-tekstili,https://images.unsplash.com/photo-1686178827149-6d55c72d81df?w=400&auto=format&fm=webp&q=75,Unsplash (Dış Link),koltuk-temizlik.jpg,Görseli bu isimle kaydedin
perde-m2,PERDE (m² Başına),ev-tekstili,perde-tul,https://images.unsplash.com/photo-1506439773649-6e0eb8cfb237?w=400&auto=format&fit=crop&ixlib=rb-4.0.3,Unsplash (Dış Link),perde-m2.jpg,Görseli bu isimle kaydedin
deri-ceket,DERİ CEKET,ozel-temizleme,canta-ayakkabi,https://images.unsplash.com/photo-1576869842043-928d2afe2480?w=400&auto=format&fm=webp&q=75,Unsplash (Dış Link),deri-ceket.jpg,Görseli bu isimle kaydedin
kilim-m2,KİLİM (m² Başına),ev-tekstili,hali-kilim,https://images.unsplash.com/photo-1531162805941-58330188d75c?w=400&auto=format&fm=webp&q=75,Unsplash (Dış Link),kilim-m2.jpg,Görseli bu isimle kaydedin
yatak-ortusu,YATAK ÖRTÜSÜ,ev-tekstili,yatak-takimi,https://images.unsplash.com/photo-1606855637183-ea2a00b6f15f?w=400&auto=format&fm=webp&q=75,Unsplash (Dış Link),yatak-ortusu.jpg,Görseli bu isimle kaydedin
carsaf-takimi,ÇARŞAF TAKIMI,ev-tekstili,yatak-takimi,https://images.unsplash.com/photo-1631049307264-da0ec9d70304?w=400&auto=format&fm=webp&q=75,Unsplash (Dış Link),carsaf-takimi.jpg,Görseli bu isimle kaydedin
kanepe-3lu,KANEPE TEMİZLİĞİ (3lü),ev-tekstili,mobilya-tekstili,https://images.unsplash.com/photo-1540574163026-643ea20ade25?w=400&auto=format&fm=webp&q=75,Unsplash (Dış Link),kanepe-3lu.jpg,Görseli bu isimle kaydedin
berjer-temizlik,BERJER TEMİZLİĞİ,ev-tekstili,mobilya-tekstili,https://images.unsplash.com/photo-1586023492125-27b2c045efd7?w=400&auto=format&fit=crop&ixlib=rb-4.0.3,Unsplash (Dış Link),berjer-temizlik.jpg,Görseli bu isimle kaydedin
silte-cift,ŞİLTE (Çift Kişilik),ev-tekstili,hali-kilim,https://images.unsplash.com/photo-1555041469-a586c61ea9bc?w=400&auto=format&fit=crop&ixlib=rb-4.0.3,Unsplash (Dış Link),silte-cift.jpg,Görseli bu isimle kaydedin
mi-nder-tadi-lat-elyaflama-batch2,MİNDER TADİLAT ELYAFLAMA,erkek-giyim,erkek-ust-giyim,https://images.unsplash.com/photo-f6g7h8i9j000f7890?w=400&auto=format&fm=webp&q=75,Unsplash (Dış Link),mi-nder-tadi-lat-elyaflama-batch2.jpg,Görseli bu isimle kaydedin
mi-nder-tadi-lat-d-meleme-batch2,MİNDER TADİLAT/DÜĞMELEME,erkek-giyim,erkek-ust-giyim,https://images.unsplash.com/photo-j6k7l8m9n000f7890?w=400&auto=format&fm=webp&q=75,Unsplash (Dış Link),mi-nder-tadi-lat-d-meleme-batch2.jpg,Görseli bu isimle kaydedin
mont-kap-onlu-batch2,MONT KAPŞONLU,erkek-giyim,erkek-ust-giyim,https://images.unsplash.com/photo-1551698618-1dfe5d97d256?w=400&auto=format&fm=webp&q=75,Unsplash (Dış Link),mont-kap-onlu-batch2.jpg,Görseli bu isimle kaydedin
motorcu-montu-batch2,MOTORCU MONTU,erkek-giyim,erkek-ust-giyim,https://images.unsplash.com/photo-1551334787-21e2d38b3d9e?w=400&auto=format&fm=webp&q=75,Unsplash (Dış Link),motorcu-montu-batch2.jpg,Görseli bu isimle kaydedin
muhteli-f-temi-zleme-batch2,MUHTELİF TEMİZLEME,erkek-giyim,erkek-ust-giyim,https://images.unsplash.com/photo-1556905055-8f358a7a47b2?w=400&auto=format&fm=webp&q=75,Unsplash (Dış Link),muhteli-f-temi-zleme-batch2.jpg,Görseli bu isimle kaydedin
nevresi-m-i-ft-ki-i-li-k-batch2,NEVRESİM ÇİFT KİŞİLİK,ev-tekstili,yatak-takimi,https://images.unsplash.com/photo-1595516966504-797e68c1c89e?w=400&auto=format&fm=webp&q=75,Unsplash (Dış Link),nevresi-m-i-ft-ki-i-li-k-batch2.jpg,Görseli bu isimle kaydedin
nevresi-m-tek-ki-i-li-k-batch2,NEVRESİM TEK KİŞİLİK,ev-tekstili,yatak-takimi,https://images.unsplash.com/photo-u1v2w3x4y500f7890?w=400&auto=format&fm=webp&q=75,Unsplash (Dış Link),nevresi-m-tek-ki-i-li-k-batch2.jpg,Görseli bu isimle kaydedin
overlok-normal-batch2,OVERLOK NORMAL,ozel-temizleme,canta-ayakkabi,https://images.unsplash.com/photo-1503341504253-dff4815485f1?w=400&auto=format&fm=webp&q=75,Unsplash (Dış Link),overlok-normal-batch2.jpg,Görseli bu isimle kaydedin
overlok-y-n-batch2,OVERLOK YÜN,ozel-temizleme,canta-ayakkabi,https://images.unsplash.com/photo-1576995853123-5a10305d93c0?w=400&auto=format&fm=webp&q=75,Unsplash (Dış Link),overlok-y-n-batch2.jpg,Görseli bu isimle kaydedin
pantolon-boyama-batch2,PANTOLON BOYAMA,erkek-giyim,erkek-alt-giyim,https://images.unsplash.com/photo-1473966968600-fa801b869a1a?w=400&auto=format&fm=webp&q=75,Unsplash (Dış Link),pantolon-boyama-batch2.jpg,Görseli bu isimle kaydedin
pantolon-grubu-batch2,PANTOLON GRUBU,erkek-giyim,erkek-alt-giyim,https://images.unsplash.com/photo-1583623733237-4d9153fb1824?w=400&auto=format&fm=webp&q=75,Unsplash (Dış Link),pantolon-grubu-batch2.jpg,Görseli bu isimle kaydedin
pelu-mont-batch2,PELUŞ MONT,erkek-giyim,erkek-ust-giyim,https://images.unsplash.com/photo-1445205170230-053b83016050?w=400&auto=format&fm=webp&q=75,Unsplash (Dış Link),pelu-mont-batch2.jpg,Görseli bu isimle kaydedin
perde-fon-i-ft-kat-batch2,PERDE FON ÇİFT KAT,ev-tekstili,perde-tul,https://images.unsplash.com/photo-1554995207-c18c203602cb?w=400&auto=format&fm=webp&q=75,Unsplash (Dış Link),perde-fon-i-ft-kat-batch2.jpg,Görseli bu isimle kaydedin
perde-fon-tek-kat-batch2,PERDE FON TEK KAT,ev-tekstili,perde-tul,https://images.unsplash.com/photo-1726543210987?w=400&auto=format&fm=webp&q=75,Unsplash (Dış Link),perde-fon-tek-kat-batch2.jpg,Görseli bu isimle kaydedin
pi-ke-batch2,PİKE,ev-tekstili,yatak-takimi,https://images.unsplash.com/photo-1541781774459-bb2af2f05b55?w=400&auto=format&fm=webp&q=75,Unsplash (Dış Link),pi-ke-batch2.jpg,Görseli bu isimle kaydedin
puf-batch2,PUF,ev-tekstili,mobilya-tekstili,https://images.unsplash.com/photo-1555041469-a586c61ea9bc?w=400&auto=format&fm=webp&q=75,Unsplash (Dış Link),puf-batch2.jpg,Görseli bu isimle kaydedin
robte-ambir-batch2,ROBTEŞAMBIR,erkek-giyim,erkek-ust-giyim,https://images.unsplash.com/photo-1722109876543?w=400&auto=format&fm=webp&q=75,Unsplash (Dış Link),robte-ambir-batch2.jpg,Görseli bu isimle kaydedin
sandalye-temi-zleme-tam-batch2,SANDALYE TEMİZLEME TAM,ev-tekstili,mobilya-tekstili,https://images.unsplash.com/photo-1586023492125-27b2c045efd7?w=400&auto=format&fm=webp&q=75,Unsplash (Dış Link),sandalye-temi-zleme-tam-batch2.jpg,Görseli bu isimle kaydedin
sandalye-temi-zleme-yarim-batch2,SANDALYE TEMİZLEME YARIM,ev-tekstili,mobilya-tekstili,https://images.unsplash.com/photo-1550972958-d17c476b78f2?w=400&auto=format&fm=webp&q=75,Unsplash (Dış Link),sandalye-temi-zleme-yarim-batch2.jpg,Görseli bu isimle kaydedin
apka-boyama-batch2,ŞAPKA BOYAMA,erkek-giyim,erkek-ust-giyim,https://images.unsplash.com/photo-a1b2c3d4e500f7890?w=400&auto=format&fm=webp&q=75,Unsplash (Dış Link),apka-boyama-batch2.jpg,Görseli bu isimle kaydedin
stor-batch2,STOR,ev-tekstili,perde-tul,https://images.unsplash.com/photo-1560184897-ae75f418493e?w=400&auto=format&fm=webp&q=75,Unsplash (Dış Link),stor-batch2.jpg,Görseli bu isimle kaydedin
tadi-lat-batch2,TADİLAT,ozel-temizleme,canta-ayakkabi,https://images.unsplash.com/photo-1559056199-641a0ac8b55e?w=400&auto=format&fm=webp&q=75,Unsplash (Dış Link),tadi-lat-batch2.jpg,Görseli bu isimle kaydedin
takim-elbi-se-batch2,TAKIM ELBİSE,erkek-giyim,erkek-takim-elbise,https://images.unsplash.com/photo-1617137984095-74e4e5e3613f?w=400&auto=format&fm=webp&q=75,Unsplash (Dış Link),takim-elbi-se-batch2.jpg,Görseli bu isimle kaydedin
terzi-tadi-lat-batch2,TERZİ TADİLAT,ozel-temizleme,canta-ayakkabi,https://images.unsplash.com/photo-1621759711492-c4803e1db95b?w=400&auto=format&fm=webp&q=75,Unsplash (Dış Link),terzi-tadi-lat-batch2.jpg,Görseli bu isimle kaydedin
tuhafi-ye-i-p-d-me-vs-demesi-batch2,TUHAFİYE İP/ DÜĞME VS. ÖDEMESİ,ozel-temizleme,canta-ayakkabi,https://images.unsplash.com/photo-1724321098765?w=400&auto=format&fm=webp&q=75,Unsplash (Dış Link),tuhafi-ye-i-p-d-me-vs-demesi-batch2.jpg,Görseli bu isimle kaydedin
t-l-batch2,TÜL,ev-tekstili,perde-tul,https://images.unsplash.com/photo-1565538810643-b5bdb714032a?w=400&auto=format&fm=webp&q=75,Unsplash (Dış Link),t-l-batch2.jpg,Görseli bu isimle kaydedin
t-l-store-st-dahi-l-batch2,TÜL STORE ST DAHİL,ev-tekstili,perde-tul,https://images.unsplash.com/photo-1594633312681?w=400&auto=format&fm=webp&q=75,Unsplash (Dış Link),t-l-store-st-dahi-l-batch2.jpg,Görseli bu isimle kaydedin
tulum-elbi-se-batch2,TULUM ELBİSE,kadin-giyim,kadin-elbise-takim,https://images.unsplash.com/photo-1664151100543-831e51069d1f?w=400&auto=format&fm=webp&q=75,Unsplash (Dış Link),tulum-elbi-se-batch2.jpg,Görseli bu isimle kaydedin
vi-scon-hali-batch2,VİSCON HALI,ev-tekstili,hali-kilim,https://images.unsplash.com/photo-1558618666-fcd25c85cd64?w=400&auto=format&fit=crop&ixlib=rb-4.0.3,Unsplash (Dış Link),vi-scon-hali-batch2.jpg,Görseli bu isimle kaydedin
vi-skon-yastik-batch2,VİSKON YASTIK,ev-tekstili,yatak-takimi,https://images.unsplash.com/photo-1556821840?w=400&auto=format&fm=webp&q=75,Unsplash (Dış Link),vi-skon-yastik-batch2.jpg,Görseli bu isimle kaydedin
yatak-ba-li-i-i-ft-batch2,YATAK BAŞLIĞI ÇİFT,ev-tekstili,yatak-takimi,https://images.unsplash.com/photo-1727654321098?w=400&auto=format&fm=webp&q=75,Unsplash (Dış Link),yatak-ba-li-i-i-ft-batch2.jpg,Görseli bu isimle kaydedin
yatak-ba-li-i-tek-batch2,YATAK BAŞLIĞI TEK,ev-tekstili,yatak-takimi,https://images.unsplash.com/photo-1505693314120-0d443867891c?w=400&auto=format&fm=webp&q=75,Unsplash (Dış Link),yatak-ba-li-i-tek-batch2.jpg,Görseli bu isimle kaydedin
yatak-pedi-batch2,YATAK PEDİ,ev-tekstili,yatak-takimi,https://images.unsplash.com/photo-1556911261-6bd341186b2f?w=400&auto=format&fm=webp&q=75,Unsplash (Dış Link),yatak-pedi-batch2.jpg,Görseli bu isimle kaydedin
yatak-yikama-i-ft-batch2,YATAK YIKAMA ÇİFT,ev-tekstili,yatak-takimi,https://images.unsplash.com/photo-1631049035463-0c1b2c00cd15?w=400&auto=format&fm=webp&q=75,Unsplash (Dış Link),yatak-yikama-i-ft-batch2.jpg,Görseli bu isimle kaydedin
yatak-yikama-tek-batch2,YATAK YIKAMA TEK,ev-tekstili,yatak-takimi,https://images.unsplash.com/photo-1540992419738-e3e6ee117e4b?w=400&auto=format&fm=webp&q=75,Unsplash (Dış Link),yatak-yikama-tek-batch2.jpg,Görseli bu isimle kaydedin
yeri-nde-hali-yikama-batch2,YERİNDE HALI YIKAMA,ev-tekstili,hali-kilim,https://images.unsplash.com/photo-1558618666-fcd25c85cd64?w=400&auto=format&fm=webp&q=75,Unsplash (Dış Link),yeri-nde-hali-yikama-batch2.jpg,Görseli bu isimle kaydedin
yorgan-tek-ki-i-li-k-y-n-pamuk-batch2,YORGAN TEK KİŞİLİK YÜN /PAMUK,ev-tekstili,yatak-takimi,https://images.unsplash.com/photo-1549497538-303791108f95?w=400&auto=format&fm=webp&q=75,Unsplash (Dış Link),yorgan-tek-ki-i-li-k-y-n-pamuk-batch2.jpg,Görseli bu isimle kaydedin
y-n-omuz-ali-batch2,YÜN OMUZ ŞALI,kadin-giyim,kadin-ust-giyim,https://images.unsplash.com/photo-1601924994987-69e26d50dc26?w=400&auto=format&fm=webp&q=75,Unsplash (Dış Link),y-n-omuz-ali-batch2.jpg,Görseli bu isimle kaydedin
zebra-perde-batch2,ZEBRA PERDE,ev-tekstili,perde-tul,https://images.unsplash.com/photo-1545259741-2ea3ebf61fa0?w=400&auto=format&fm=webp&q=75,Unsplash (Dış Link),zebra-perde-batch2.jpg,Görseli bu isimle kaydedin
zebra-t-l-batch2,ZEBRA TÜL,ev-tekstili,perde-tul,https://images.unsplash.com/photo-1583847268964-b28dc8f51f92?w=400&auto=format&fm=webp&q=75,Unsplash (Dış Link),zebra-t-l-batch2.jpg,Görseli bu isimle kaydedin
ceket-batch2,CEKET,erkek-giyim,erkek-ust-giyim,https://images.unsplash.com/photo-1557804506-669a67965ba0?w=400&auto=format&fm=webp&q=75,Unsplash (Dış Link),ceket-batch2.jpg,Görseli bu isimle kaydedin
pantolon-batch2,PANTOLON,erkek-giyim,erkek-alt-giyim,https://images.unsplash.com/photo-1542272454315-7ad86d1b8ed8?w=400&auto=format&fm=webp&q=75,Unsplash (Dış Link),pantolon-batch2.jpg,Görseli bu isimle kaydedin
g-mlek-batch2,GÖMLEK,erkek-giyim,erkek-ust-giyim,https://images.unsplash.com/photo-1555041469-a586c61ea9bc?w=400&auto=format&fit=crop&ixlib=rb-4.0.3,Unsplash (Dış Link),g-mlek-batch2.jpg,Görseli bu isimle kaydedin
t-shi-rt-batch2,T-SHİRT,erkek-giyim,erkek-ust-giyim,https://images.unsplash.com/photo-1521572163474-6864f9cf17ab?w=400&auto=format&fm=webp&q=75,Unsplash (Dış Link),t-shi-rt-batch2.jpg,Görseli bu isimle kaydedin
kazak-batch2,KAZAK,erkek-giyim,erkek-ust-giyim,https://images.unsplash.com/photo-1723210987654?w=400&auto=format&fm=webp&q=75,Unsplash (Dış Link),kazak-batch2.jpg,Görseli bu isimle kaydedin
kravat-batch2,KRAVAT,erkek-giyim,erkek-ust-giyim,https://images.unsplash.com/photo-1507003211169-0a1dd7228f2d?w=400&auto=format&fit=crop&ixlib=rb-4.0.3,Unsplash (Dış Link),kravat-batch2.jpg,Görseli bu isimle kaydedin
mont-batch2,MONT,erkek-giyim,erkek-ust-giyim,https://images.unsplash.com/photo-1544966503-7cc5ac882d5f?w=400&auto=format&fm=webp&q=75,Unsplash (Dış Link),mont-batch2.jpg,Görseli bu isimle kaydedin
kaban-batch2,KABAN,erkek-giyim,erkek-ust-giyim,https://images.unsplash.com/photo-1520975954732-35dd22299614?w=400&auto=format&fm=webp&q=75,Unsplash (Dış Link),kaban-batch2.jpg,Görseli bu isimle kaydedin
kaban-batch3,KABAN,erkek-giyim,erkek-ust-giyim,https://images.unsplash.com/photo-1539109136881-3be0616acf4b?w=400&auto=format&fm=webp&q=75,Unsplash (Dış Link),kaban-batch3.jpg,Görseli bu isimle kaydedin
pardes-batch3,PARDESÜ,erkek-giyim,erkek-ust-giyim,https://images.unsplash.com/photo-1506629905607-bb5c12c3c04a?w=400&auto=format&fm=webp&q=75,Unsplash (Dış Link),pardes-batch3.jpg,Görseli bu isimle kaydedin
manto-palto-batch3,MANTO - PALTO,kadin-giyim,kadin-ust-giyim,https://images.unsplash.com/photo-1585487000143-66b1526316f7?w=400&auto=format&fm=webp&q=75,Unsplash (Dış Link),manto-palto-batch3.jpg,Görseli bu isimle kaydedin
yelek-batch3,YELEK,erkek-giyim,erkek-ust-giyim,https://images.unsplash.com/photo-1584917865442-de89df76afd3?w=400&auto=format&fm=webp&q=75,Unsplash (Dış Link),yelek-batch3.jpg,Görseli bu isimle kaydedin
bluz-batch3,BLUZ,kadin-giyim,kadin-ust-giyim,https://images.unsplash.com/photo-1604445759020-96c93fa61557?w=400&auto=format&fm=webp&q=75,Unsplash (Dış Link),bluz-batch3.jpg,Görseli bu isimle kaydedin
etek-batch3,ETEK,kadin-giyim,kadin-ust-giyim,https://images.unsplash.com/photo-1564362286575-5e7c0dd6e7e4?w=400&auto=format&fm=webp&q=75,Unsplash (Dış Link),etek-batch3.jpg,Görseli bu isimle kaydedin
bayan-elbi-se-batch3,BAYAN ELBİSE,kadin-giyim,kadin-elbise-takim,https://images.unsplash.com/photo-1612336307429-8a898d10e223?w=400&auto=format&fm=webp&q=75,Unsplash (Dış Link),bayan-elbi-se-batch3.jpg,Görseli bu isimle kaydedin
d-pi-yes-batch3,DÖPİYES,erkek-giyim,erkek-ust-giyim,https://images.unsplash.com/photo-1473966968600?w=400&auto=format&fm=webp&q=75,Unsplash (Dış Link),d-pi-yes-batch3.jpg,Görseli bu isimle kaydedin
mont-kaz-t-y-batch3,MONT KAZ TÜYÜ,erkek-giyim,erkek-ust-giyim,https://images.unsplash.com/photo-1578916171728-46686eac8d58?w=400&auto=format&fm=webp&q=75,Unsplash (Dış Link),mont-kaz-t-y-batch3.jpg,Görseli bu isimle kaydedin
kaban-kaz-t-y-batch3,KABAN KAZ TÜYÜ,erkek-giyim,erkek-ust-giyim,https://images.unsplash.com/photo-1525457136159-8878648a7ad0?w=400&auto=format&fm=webp&q=75,Unsplash (Dış Link),kaban-kaz-t-y-batch3.jpg,Görseli bu isimle kaydedin
al-batch3,ŞAL,kadin-giyim,kadin-ust-giyim,https://images.unsplash.com/photo-1487222477894-8943e31ef7b2?w=400&auto=format&fm=webp&q=75,Unsplash (Dış Link),al-batch3.jpg,Görseli bu isimle kaydedin
atki-batch3,ATKI,kadin-giyim,kadin-ust-giyim,https://images.unsplash.com/photo-1578632292335-df3abbb0d586?w=400&auto=format&fm=webp&q=75,Unsplash (Dış Link),atki-batch3.jpg,Görseli bu isimle kaydedin
e-arp-batch3,EŞARP,kadin-giyim,kadin-ust-giyim,https://images.unsplash.com/photo-1589755814680-461c8b7fbc2b?w=400&auto=format&fm=webp&q=75,Unsplash (Dış Link),e-arp-batch3.jpg,Görseli bu isimle kaydedin
g-mlek-i-pek-batch3,GÖMLEK İPEK,erkek-giyim,erkek-ust-giyim,https://images.unsplash.com/photo-1589635020161-67a31d5b93e0?w=400&auto=format&fm=webp&q=75,Unsplash (Dış Link),g-mlek-i-pek-batch3.jpg,Görseli bu isimle kaydedin
zel-elbi-se-batch3,ÖZEL ELBİSE,kadin-giyim,kadin-ozel-giyim,https://images.unsplash.com/photo-1566479179817-be0b9f71c8c9?w=400&auto=format&fm=webp&q=75,Unsplash (Dış Link),zel-elbi-se-batch3.jpg,Görseli bu isimle kaydedin
deri-elbi-se-batch3,DERİ ELBİSE,ozel-temizleme,canta-ayakkabi,https://images.unsplash.com/photo-1578852428516-6d13d4ea2969?w=400&auto=format&fm=webp&q=75,Unsplash (Dış Link),deri-elbi-se-batch3.jpg,Görseli bu isimle kaydedin
abi-ye-elbi-se-batch3,ABİYE ELBİSE,kadin-giyim,kadin-ozel-giyim,https://images.unsplash.com/photo-1515886657613-9f3515b0c78f?w=400&auto=format&fm=webp&q=75,Unsplash (Dış Link),abi-ye-elbi-se-batch3.jpg,Görseli bu isimle kaydedin
geli-nli-k-batch3,GELİNLİK,kadin-giyim,kadin-ozel-giyim,https://images.unsplash.com/photo-1529636798458-92182e662485?w=400&auto=format&fm=webp&q=75,Unsplash (Dış Link),geli-nli-k-batch3.jpg,Görseli bu isimle kaydedin
mont-deri-batch3,MONT DERİ,ozel-temizleme,canta-ayakkabi,https://images.unsplash.com/photo-1548883354-c4e3ab3ac5c4?w=400&auto=format&fm=webp&q=75,Unsplash (Dış Link),mont-deri-batch3.jpg,Görseli bu isimle kaydedin
ceket-deri-batch3,CEKET DERİ,ozel-temizleme,canta-ayakkabi,https://images.unsplash.com/photo-1544717297-fa95b6ee9643?w=400&auto=format&fm=webp&q=75,Unsplash (Dış Link),ceket-deri-batch3.jpg,Görseli bu isimle kaydedin
ceket-s-et-batch3,CEKET SÜET,ozel-temizleme,canta-ayakkabi,https://images.unsplash.com/photo-1551488831-00ddcb6c6bd3?w=400&auto=format&fm=webp&q=75,Unsplash (Dış Link),ceket-s-et-batch3.jpg,Görseli bu isimle kaydedin
ceket-nubuk-batch3,CEKET NUBUK,ozel-temizleme,canta-ayakkabi,https://images.unsplash.com/photo-1593030761757-71fae45fa0e7?w=400&auto=format&fm=webp&q=75,Unsplash (Dış Link),ceket-nubuk-batch3.jpg,Görseli bu isimle kaydedin
mont-nubuk-batch3,MONT NUBUK,ozel-temizleme,canta-ayakkabi,https://images.unsplash.com/photo-1606107557195-0e29a4b5b4aa?w=400&auto=format&fm=webp&q=75,Unsplash (Dış Link),mont-nubuk-batch3.jpg,Görseli bu isimle kaydedin
hali-maki-ne-batch3,HALI MAKİNE,ev-tekstili,hali-kilim,https://images.unsplash.com/photo-1565402748461-9d1acca80e5f?w=400&auto=format&fm=webp&q=75,Unsplash (Dış Link),hali-maki-ne-batch3.jpg,Görseli bu isimle kaydedin
hali-nepal-batch3,HALI NEPAL,ev-tekstili,hali-kilim,https://images.unsplash.com/photo-1558618666?w=400&auto=format&fm=webp&q=75,Unsplash (Dış Link),hali-nepal-batch3.jpg,Görseli bu isimle kaydedin
hali-shagy-batch3,HALI SHAGY,ev-tekstili,hali-kilim,https://images.unsplash.com/photo-1507652313519-d4e9174996dd?w=400&auto=format&fm=webp&q=75,Unsplash (Dış Link),hali-shagy-batch3.jpg,Görseli bu isimle kaydedin
hali-step-batch3,HALI STEP,ev-tekstili,hali-kilim,https://images.unsplash.com/photo-1558618666?w=400&auto=format&fm=webp&q=75,Unsplash (Dış Link),hali-step-batch3.jpg,Görseli bu isimle kaydedin
hali-maki-ne-y-n-batch3,HALI MAKİNE YÜNÜ,ev-tekstili,hali-kilim,https://images.unsplash.com/photo-1616486338812-3dadae4b4ace?w=400&auto=format&fm=webp&q=75,Unsplash (Dış Link),hali-maki-ne-y-n-batch3.jpg,Görseli bu isimle kaydedin
battani-ye-batch3,BATTANİYE,ev-tekstili,yatak-takimi,https://images.unsplash.com/photo-1587300003388-59208cc962cb?w=400&auto=format&fm=webp&q=75,Unsplash (Dış Link),battani-ye-batch3.jpg,Görseli bu isimle kaydedin
bornoz-batch3,BORNOZ,ev-tekstili,yatak-takimi,https://images.unsplash.com/photo-1620799140188-3b2a02fd9a77?w=400&auto=format&fm=webp&q=75,Unsplash (Dış Link),bornoz-batch3.jpg,Görseli bu isimle kaydedin
boxer-batch3,BOXER,erkek-giyim,erkek-ust-giyim,https://images.unsplash.com/photo-1591195853828-11db59a44f6b?w=400&auto=format&fm=webp&q=75,Unsplash (Dış Link),boxer-batch3.jpg,Görseli bu isimle kaydedin
ar-af-batch3,ÇARŞAF,ev-tekstili,yatak-takimi,https://images.unsplash.com/photo-1522771739844-6a9f6d5f14af?w=400&auto=format&fm=webp&q=75,Unsplash (Dış Link),ar-af-batch3.jpg,Görseli bu isimle kaydedin
ocuk-elbi-se-batch3,ÇOCUK ELBİSE,cocuk-giyim,cocuk-ozel-gunler,https://images.unsplash.com/photo-1566568897286-8cbc0c61fc5d?w=400&auto=format&fm=webp&q=75,Unsplash (Dış Link),ocuk-elbi-se-batch3.jpg,Görseli bu isimle kaydedin
orap-batch3,ÇORAP,erkek-giyim,erkek-ust-giyim,https://images.unsplash.com/photo-1586440913080-97f5f5e7d5d7?w=400&auto=format&fm=webp&q=75,Unsplash (Dış Link),orap-batch3.jpg,Görseli bu isimle kaydedin
c-bbe-kep-batch3,CÜBBE - KEP,erkek-giyim,erkek-ust-giyim,https://images.unsplash.com/photo-1587691592099-24045742c181?w=400&auto=format&fm=webp&q=75,Unsplash (Dış Link),c-bbe-kep-batch3.jpg,Görseli bu isimle kaydedin
havlu-b-y-k-batch3,HAVLU BÜYÜK,ev-tekstili,yatak-takimi,https://images.unsplash.com/photo-1631889993959-41b4e9c6e3c5?w=400&auto=format&fm=webp&q=75,Unsplash (Dış Link),havlu-b-y-k-batch3.jpg,Görseli bu isimle kaydedin
havlu-b-y-k-batch4,HAVLU BÜYÜK,ev-tekstili,yatak-takimi,https://images.unsplash.com/photo-1629903652409-9b34c5bb4b20?w=400&auto=format&fm=webp&q=75,Unsplash (Dış Link),havlu-b-y-k-batch4.jpg,Görseli bu isimle kaydedin
havlu-k-k-batch4,HAVLU KÜÇÜK,ev-tekstili,yatak-takimi,https://images.unsplash.com/photo-1582735689369-4fe89db7114c?w=400&auto=format&fm=webp&q=75,Unsplash (Dış Link),havlu-k-k-batch4.jpg,Görseli bu isimle kaydedin
kaz-t-y-yastik-batch4,KAZ TÜYÜ YASTIK,ev-tekstili,yatak-takimi,https://images.unsplash.com/photo-1571068316344-75bc76f77890?w=400&auto=format&fm=webp&q=75,Unsplash (Dış Link),kaz-t-y-yastik-batch4.jpg,Görseli bu isimle kaydedin
nevresi-m-takimi-batch4,NEVRESİM TAKIMI,ev-tekstili,yatak-takimi,https://images.unsplash.com/photo-1564540574859-0dfb63985925?w=400&auto=format&fm=webp&q=75,Unsplash (Dış Link),nevresi-m-takimi-batch4.jpg,Görseli bu isimle kaydedin
perde-kadi-fe-batch4,PERDE KADİFE,ev-tekstili,perde-tul,https://images.unsplash.com/photo-1542291026-7eec264c27ff?w=400&auto=format&fm=webp&q=75,Unsplash (Dış Link),perde-kadi-fe-batch4.jpg,Görseli bu isimle kaydedin
perde-stor-st-dahi-l-batch4,PERDE STOR ST DAHİL,ev-tekstili,perde-tul,https://images.unsplash.com/photo-1506439773649-6e0eb8cfb237?w=400&auto=format&fm=webp&q=75,Unsplash (Dış Link),perde-stor-st-dahi-l-batch4.jpg,Görseli bu isimle kaydedin
perde-stor-st-hari-batch4,PERDE STOR ST HARİÇ,ev-tekstili,perde-tul,https://images.unsplash.com/photo-1586023492125-27b2c045efd7?w=400&auto=format&fm=webp&q=75,Unsplash (Dış Link),perde-stor-st-hari-batch4.jpg,Görseli bu isimle kaydedin
perde-katlmali-st-dahi-l-batch4,PERDE KATLMALI ST DAHİL,ev-tekstili,perde-tul,https://images.unsplash.com/photo-1513475382585-d06e58bcb0e0?w=400&auto=format&fm=webp&q=75,Unsplash (Dış Link),perde-katlmali-st-dahi-l-batch4.jpg,Görseli bu isimle kaydedin
perde-katlmali-st-hari-batch4,PERDE KATLMALI ST HARİÇ,ev-tekstili,perde-tul,https://images.unsplash.com/photo-1507652313519-d4e9174996dd?w=400&auto=format&fm=webp&q=75,Unsplash (Dış Link),perde-katlmali-st-hari-batch4.jpg,Görseli bu isimle kaydedin
perde-t-l-b-y-k-batch4,PERDE TÜL BÜYÜK,ev-tekstili,perde-tul,https://images.unsplash.com/photo-1548777123-48b458ae8503?w=400&auto=format&fm=webp&q=75,Unsplash (Dış Link),perde-t-l-b-y-k-batch4.jpg,Görseli bu isimle kaydedin
perde-t-l-k-k-batch4,PERDE TÜL KÜÇÜK,ev-tekstili,perde-tul,https://images.unsplash.com/photo-1594736797933-d0d5ad6ad9c9?w=400&auto=format&fm=webp&q=75,Unsplash (Dış Link),perde-t-l-k-k-batch4.jpg,Görseli bu isimle kaydedin
perde-t-l-orta-batch4,PERDE TÜL ORTA,ev-tekstili,perde-tul,https://images.unsplash.com/photo-1517991104123-1d56a6e81ed9?w=400&auto=format&fm=webp&q=75,Unsplash (Dış Link),perde-t-l-orta-batch4.jpg,Görseli bu isimle kaydedin
perde-zebra-st-dahi-l-batch4,PERDE ZEBRA ST DAHİL,ev-tekstili,perde-tul,https://images.unsplash.com/photo-1530587191325-3db32d826c18?w=400&auto=format&fm=webp&q=75,Unsplash (Dış Link),perde-zebra-st-dahi-l-batch4.jpg,Görseli bu isimle kaydedin
perde-zebra-st-hari-batch4,PERDE ZEBRA ST HARİÇ,ev-tekstili,perde-tul,https://images.unsplash.com/photo-1563298723-dcfebaa392e3?w=400&auto=format&fm=webp&q=75,Unsplash (Dış Link),perde-zebra-st-hari-batch4.jpg,Görseli bu isimle kaydedin
perde-keten-batch4,PERDE KETEN,ev-tekstili,perde-tul,https://images.unsplash.com/photo-1536431311719-398b6704d4cc?w=400&auto=format&fm=webp&q=75,Unsplash (Dış Link),perde-keten-batch4.jpg,Görseli bu isimle kaydedin
perde-saten-batch4,PERDE SATEN,ev-tekstili,perde-tul,https://images.unsplash.com/photo-1507038732509-8b4d20e31eec?w=400&auto=format&fm=webp&q=75,Unsplash (Dış Link),perde-saten-batch4.jpg,Görseli bu isimle kaydedin
etek-pi-leli-batch4,ETEK PİLELİ,kadin-giyim,kadin-ust-giyim,https://images.unsplash.com/photo-1583496661160-fb5886a13d24?w=400&auto=format&fm=webp&q=75,Unsplash (Dış Link),etek-pi-leli-batch4.jpg,Görseli bu isimle kaydedin
si-moki-n-batch4,SİMOKİN,erkek-giyim,erkek-takim-elbise,https://images.unsplash.com/photo-1562157873-818bc0726f68?w=400&auto=format&fm=webp&q=75,Unsplash (Dış Link),si-moki-n-batch4.jpg,Görseli bu isimle kaydedin
ort-batch4,ŞORT,erkek-giyim,erkek-alt-giyim,https://images.unsplash.com/photo-s_o1gLvLMyo?w=400&auto=format&fm=webp&q=75,Unsplash (Dış Link),ort-batch4.jpg,Görseli bu isimle kaydedin
yastik-batch4,YASTIK,ev-tekstili,yatak-takimi,https://images.unsplash.com/photo-f6g7h8i9j001f7890?w=400&auto=format&fm=webp&q=75,Unsplash (Dış Link),yastik-batch4.jpg,Görseli bu isimle kaydedin
yastik-y-z-batch4,YASTIK YÜZÜ,ev-tekstili,yatak-takimi,https://images.unsplash.com/photo-1493666438817-866a91353ca9?w=400&auto=format&fm=webp&q=75,Unsplash (Dış Link),yastik-y-z-batch4.jpg,Görseli bu isimle kaydedin
yatak-rt-s-g-nl-k-batch4,YATAK ÖRTÜSÜ GÜNLÜK,ev-tekstili,yatak-takimi,https://images.unsplash.com/photo-1728765432109?w=400&auto=format&fm=webp&q=75,Unsplash (Dış Link),yatak-rt-s-g-nl-k-batch4.jpg,Görseli bu isimle kaydedin
yatak-rt-s-zel-batch4,YATAK ÖRTÜSÜ ÖZEL,ev-tekstili,yatak-takimi,https://images.unsplash.com/photo-1502920917128-1aa500764cbd?w=400&auto=format&fm=webp&q=75,Unsplash (Dış Link),yatak-rt-s-zel-batch4.jpg,Görseli bu isimle kaydedin
yorgan-elyaf-k-batch4,YORGAN ELYAF ÇK,ev-tekstili,yatak-takimi,https://images.unsplash.com/photo-1522771739844-6a9f6d5f14af?w=400&auto=format&fm=webp&q=75,Unsplash (Dış Link),yorgan-elyaf-k-batch4.jpg,Görseli bu isimle kaydedin
yorgan-elyaf-tk-batch4,YORGAN ELYAF TK,ev-tekstili,yatak-takimi,https://images.unsplash.com/photo-1565193566173-7a0ee3dbe261?w=400&auto=format&fm=webp&q=75,Unsplash (Dış Link),yorgan-elyaf-tk-batch4.jpg,Görseli bu isimle kaydedin
yorgan-kaz-t-y-batch4,YORGAN KAZ TÜYÜ,ev-tekstili,yatak-takimi,https://images.unsplash.com/photo-1540932239986-30128078f3c5?w=400&auto=format&fm=webp&q=75,Unsplash (Dış Link),yorgan-kaz-t-y-batch4.jpg,Görseli bu isimle kaydedin
yorgan-y-z-batch4,YORGAN YÜZÜ,ev-tekstili,yatak-takimi,https://images.unsplash.com/photo-1571019613454-1cb2f99b2d8b?w=400&auto=format&fm=webp&q=75,Unsplash (Dış Link),yorgan-y-z-batch4.jpg,Görseli bu isimle kaydedin
yorgan-pamuk-y-n-batch4,YORGAN PAMUK-YÜN,ev-tekstili,yatak-takimi,https://images.unsplash.com/photo-1489171078254-c3365d6e359f?w=400&auto=format&fm=webp&q=75,Unsplash (Dış Link),yorgan-pamuk-y-n-batch4.jpg,Görseli bu isimle kaydedin
havlu-batch4,HAVLU,ev-tekstili,yatak-takimi,https://images.unsplash.com/photo-1580058572462-c61e6551e6c4?w=400&auto=format&fm=webp&q=75,Unsplash (Dış Link),havlu-batch4.jpg,Görseli bu isimle kaydedin
battani-ye-battal-batch4,BATTANİYE BATTAL,ev-tekstili,yatak-takimi,https://images.unsplash.com/photo-1578662996442-48f60103fc96?w=400&auto=format&fm=webp&q=75,Unsplash (Dış Link),battani-ye-battal-batch4.jpg,Görseli bu isimle kaydedin
ocuk-abi-ye-batch4,ÇOCUK ABİYE,cocuk-giyim,cocuk-ozel-gunler,https://images.unsplash.com/photo-1518831959646-742c3a14ebf7?w=400&auto=format&fm=webp&q=75,Unsplash (Dış Link),ocuk-abi-ye-batch4.jpg,Görseli bu isimle kaydedin
hirka-batch4,HIRKA,kadin-giyim,kadin-ust-giyim,https://images.unsplash.com/photo-1560563410-4dc4d41eb8d7?w=400&auto=format&fm=webp&q=75,Unsplash (Dış Link),hirka-batch4.jpg,Görseli bu isimle kaydedin
nubuk-elbi-se-batch4,NUBUK ELBİSE,ozel-temizleme,canta-ayakkabi,https://images.unsplash.com/photo-1518235506717-e1ed3306a89b?w=400&auto=format&fm=webp&q=75,Unsplash (Dış Link),nubuk-elbi-se-batch4.jpg,Görseli bu isimle kaydedin
mi-nder-y-z-batch4,MİNDER YÜZÜ,ev-tekstili,mobilya-tekstili,https://images.unsplash.com/photo-1555041469-a586c61ea9bc?w=400&auto=format&fit=crop&ixlib=rb-4.0.3,Unsplash (Dış Link),mi-nder-y-z-batch4.jpg,Görseli bu isimle kaydedin
koltuk-rt-s-batch4,KOLTUK ÖRTÜSÜ,ev-tekstili,mobilya-tekstili,https://images.unsplash.com/photo-1738858363243-fa738c9bab55?w=400&auto=format&fm=webp&q=75,Unsplash (Dış Link),koltuk-rt-s-batch4.jpg,Görseli bu isimle kaydedin
banyo-ki-li-mi-batch4,BANYO KİLİMİ,ev-tekstili,hali-kilim,https://images.unsplash.com/photo-1560448204-e02f11c3d0e2?w=400&auto=format&fm=webp&q=75,Unsplash (Dış Link),banyo-ki-li-mi-batch4.jpg,Görseli bu isimle kaydedin
yorgan-ku-t-y-batch4,YORGAN KUŞTÜYÜ,ev-tekstili,yatak-takimi,https://images.unsplash.com/photo-j6k7l8m9n001f7890?w=400&auto=format&fm=webp&q=75,Unsplash (Dış Link),yorgan-ku-t-y-batch4.jpg,Görseli bu isimle kaydedin
anta-batch4,ÇANTA,ozel-temizleme,canta-ayakkabi,https://images.unsplash.com/photo-1553062407-98eeb64c6a62?w=400&auto=format&fit=crop&ixlib=rb-4.0.3,Unsplash (Dış Link),anta-batch4.jpg,Görseli bu isimle kaydedin
anta-deri-batch4,ÇANTA DERİ,ozel-temizleme,canta-ayakkabi,https://images.unsplash.com/photo-1553062407-98eeb64c6a62?w=400&auto=format&fm=webp&q=75,Unsplash (Dış Link),anta-deri-batch4.jpg,Görseli bu isimle kaydedin
anta-s-et-batch4,ÇANTA SÜET,ozel-temizleme,canta-ayakkabi,https://images.unsplash.com/photo-1622470953794-aa9c70b0fb9d?w=400&auto=format&fm=webp&q=75,Unsplash (Dış Link),anta-s-et-batch4.jpg,Görseli bu isimle kaydedin
ayakkabi-batch5,AYAKKABI,ozel-temizleme,canta-ayakkabi,https://images.unsplash.com/photo-1725432109876?w=400&auto=format&fm=webp&q=75,Unsplash (Dış Link),ayakkabi-batch5.jpg,Görseli bu isimle kaydedin
atlet-batch5,ATLET,erkek-giyim,erkek-ust-giyim,https://images.unsplash.com/photo-1571508508669-f9c18df0e138?w=400&auto=format&fm=webp&q=75,Unsplash (Dış Link),atlet-batch5.jpg,Görseli bu isimle kaydedin
deri-ayakkabi-batch5,DERİ AYAKKABI,ozel-temizleme,canta-ayakkabi,https://images.unsplash.com/photo-1560472354-b33ff0c44a43?w=400&auto=format&fm=webp&q=75,Unsplash (Dış Link),deri-ayakkabi-batch5.jpg,Görseli bu isimle kaydedin
battani-ye-tk-batch5,BATTANİYE TK,ev-tekstili,yatak-takimi,https://images.unsplash.com/photo-1540062768-0e1b88c9439e?w=400&auto=format&fm=webp&q=75,Unsplash (Dış Link),battani-ye-tk-batch5.jpg,Görseli bu isimle kaydedin
battani-ye-yun-ck-batch5,BATTANİYE YÜN ÇK,ev-tekstili,yatak-takimi,https://images.unsplash.com/photo-1525926929834-d6cc6c595d5d?w=400&auto=format&fm=webp&q=75,Unsplash (Dış Link),battani-ye-yun-ck-batch5.jpg,Görseli bu isimle kaydedin
battani-ye-yun-tk-batch5,BATTANİYE YÜN TK,ev-tekstili,yatak-takimi,https://images.unsplash.com/photo-1578928375647-4db6db47c1f8?w=400&auto=format&fm=webp&q=75,Unsplash (Dış Link),battani-ye-yun-tk-batch5.jpg,Görseli bu isimle kaydedin
bayrak-batch5,BAYRAK,erkek-giyim,erkek-ust-giyim,https://images.unsplash.com/photo-1558618047-3c8c76ca7d13?w=400&auto=format&fm=webp&q=75,Unsplash (Dış Link),bayrak-batch5.jpg,Görseli bu isimle kaydedin
bere-batch5,BERE,erkek-giyim,erkek-ust-giyim,https://images.unsplash.com/photo-1521369909029-2afed882baee?w=400&auto=format&fm=webp&q=75,Unsplash (Dış Link),bere-batch5.jpg,Görseli bu isimle kaydedin
bermuda-batch5,BERMUDA,erkek-giyim,erkek-alt-giyim,https://images.unsplash.com/photo-s_o1gLvLMyo?w=400&auto=format&fm=webp&q=75,Unsplash (Dış Link),bermuda-batch5.jpg,Görseli bu isimle kaydedin
bermuda-deri-batch5,BERMUDA DERİ,ozel-temizleme,canta-ayakkabi,https://images.unsplash.com/photo-1606108294687-efc93b0beb2b?w=400&auto=format&fm=webp&q=75,Unsplash (Dış Link),bermuda-deri-batch5.jpg,Görseli bu isimle kaydedin
bone-batch5,BONE,erkek-giyim,erkek-ust-giyim,https://images.unsplash.com/photo-kVg2DQTAK7c?w=400&auto=format&fm=webp&q=75,Unsplash (Dış Link),bone-batch5.jpg,Görseli bu isimle kaydedin
bra-suti-yen-batch5,BRA / SÜTİYEN,kadin-giyim,kadin-ust-giyim,https://images.unsplash.com/photo-1594938298603?w=400&auto=format&fm=webp&q=75,Unsplash (Dış Link),bra-suti-yen-batch5.jpg,Görseli bu isimle kaydedin
canta-keten-batch5,ÇANTA KETEN,ozel-temizleme,canta-ayakkabi,https://images.unsplash.com/photo-1553735903-3d9b5e0a8ae4?w=400&auto=format&fm=webp&q=75,Unsplash (Dış Link),canta-keten-batch5.jpg,Görseli bu isimle kaydedin
canta-kuma-batch5,ÇANTA KUMAŞ,ozel-temizleme,canta-ayakkabi,https://images.unsplash.com/photo-1553062407-98eeb64c6a62?w=400&auto=format&fm=webp&q=75,Unsplash (Dış Link),canta-kuma-batch5.jpg,Görseli bu isimle kaydedin
ci-cek-batch5,ÇİÇEK,erkek-giyim,erkek-ust-giyim,https://images.unsplash.com/photo-1490750967868-88aa4486c946?w=400&auto=format&fm=webp&q=75,Unsplash (Dış Link),ci-cek-batch5.jpg,Görseli bu isimle kaydedin
cicek-yaka-batch5,ÇİÇEK YAKA,erkek-giyim,erkek-ust-giyim,https://images.unsplash.com/photo-1516826957135-700dedea698c?w=400&auto=format&fm=webp&q=75,Unsplash (Dış Link),cicek-yaka-batch5.jpg,Görseli bu isimle kaydedin
detay-i-leme-batch5,DETAY İŞLEME,erkek-giyim,erkek-ust-giyim,https://images.unsplash.com/photo-a1b2c3d4e501f7890?w=400&auto=format&fm=webp&q=75,Unsplash (Dış Link),detay-i-leme-batch5.jpg,Görseli bu isimle kaydedin
dog-um-elbi-sesi-batch5,DOĞUM ELBİSESİ,kadin-giyim,kadin-ust-giyim,https://images.unsplash.com/photo-1555252333-9f8e92e65df9?w=400&auto=format&fm=webp&q=75,Unsplash (Dış Link),dog-um-elbi-sesi-batch5.jpg,Görseli bu isimle kaydedin
durumlu-masa-rtus-batch5,DURUMLU MASA ÖRTÜSÜ,ev-tekstili,mobilya-tekstili,https://images.unsplash.com/photo-1555041469?w=400&auto=format&fm=webp&q=75,Unsplash (Dış Link),durumlu-masa-rtus-batch5.jpg,Görseli bu isimle kaydedin
eldi-ven-batch5,ELDİVEN,erkek-giyim,erkek-ust-giyim,https://images.unsplash.com/photo-1540479859555-17af45c78602?w=400&auto=format&fm=webp&q=75,Unsplash (Dış Link),eldi-ven-batch5.jpg,Görseli bu isimle kaydedin
esofman-takim-batch5,EŞOFMAN TAKIM,erkek-giyim,erkek-alt-giyim,https://images.unsplash.com/photo-1618354691373-d851c5c3a990?w=400&auto=format&fm=webp&q=75,Unsplash (Dış Link),esofman-takim-batch5.jpg,Görseli bu isimle kaydedin
esofman-alt-batch5,EŞOFMAN ALT,erkek-giyim,erkek-alt-giyim,https://images.unsplash.com/photo-1594736797933-d0ecedb717e0?w=400&auto=format&fm=webp&q=75,Unsplash (Dış Link),esofman-alt-batch5.jpg,Görseli bu isimle kaydedin
esofman-ust-batch5,EŞOFMAN ÜST,erkek-giyim,erkek-ust-giyim,https://images.unsplash.com/photo-1562137369-1a1a0bc66744?w=400&auto=format&fm=webp&q=75,Unsplash (Dış Link),esofman-ust-batch5.jpg,Görseli bu isimle kaydedin
fanila-batch5,FANİLA,erkek-giyim,erkek-ust-giyim,https://images.unsplash.com/photo-1599740490944-601ef84aba32?w=400&auto=format&fm=webp&q=75,Unsplash (Dış Link),fanila-batch5.jpg,Görseli bu isimle kaydedin
fular-batch5,FULAR,erkek-giyim,erkek-ust-giyim,https://images.unsplash.com/photo-1565084888279-aca607ecce0c?w=400&auto=format&fm=webp&q=75,Unsplash (Dış Link),fular-batch5.jpg,Görseli bu isimle kaydedin
gardrop-aylık-batch5,GARDROP AYLIK,erkek-giyim,erkek-ust-giyim,https://images.unsplash.com/photo-u1v2w3x4y501f7890?w=400&auto=format&fm=webp&q=75,Unsplash (Dış Link),gardrop-aylık-batch5.jpg,Görseli bu isimle kaydedin
jartiyer-batch5,JARTİYER,kadin-giyim,kadin-ust-giyim,https://images.unsplash.com/photo-1729876543210?w=400&auto=format&fm=webp&q=75,Unsplash (Dış Link),jartiyer-batch5.jpg,Görseli bu isimle kaydedin
jeans-pantolon-batch5,JEANS PANTOLON,erkek-giyim,erkek-alt-giyim,https://images.unsplash.com/photo-1473966968600?w=400&auto=format&fm=webp&q=75,Unsplash (Dış Link),jeans-pantolon-batch5.jpg,Görseli bu isimle kaydedin
kimono-batch5,KİMONO,erkek-giyim,erkek-ust-giyim,https://images.unsplash.com/photo-1633332755192-727a05c4013d?w=400&auto=format&fm=webp&q=75,Unsplash (Dış Link),kimono-batch5.jpg,Görseli bu isimle kaydedin
kravat-papyon-batch5,KRAVAT / PAPYON,erkek-giyim,erkek-ust-giyim,https://images.unsplash.com/photo-1560472355-536de3962603?w=400&auto=format&fm=webp&q=75,Unsplash (Dış Link),kravat-papyon-batch5.jpg,Görseli bu isimle kaydedin
kus-eri-batch5,KUŞAK / KEMERİ,erkek-giyim,erkek-ust-giyim,https://images.unsplash.com/photo-1594633312681?w=400&auto=format&fm=webp&q=75,Unsplash (Dış Link),kus-eri-batch5.jpg,Görseli bu isimle kaydedin
mant-lla-batch5,MANTİLLA,erkek-giyim,erkek-ust-giyim,https://images.unsplash.com/photo-1589756823695-278bc8766896?w=400&auto=format&fm=webp&q=75,Unsplash (Dış Link),mant-lla-batch5.jpg,Görseli bu isimle kaydedin
masa-rtus-batch5,MASA ÖRTÜSÜ,ev-tekstili,mobilya-tekstili,https://images.unsplash.com/photo-1562771379-eafdca7a02f8?w=400&auto=format&fm=webp&q=75,Unsplash (Dış Link),masa-rtus-batch5.jpg,Görseli bu isimle kaydedin
mayo-bikni-batch5,MAYO / BİKİNİ,erkek-giyim,erkek-ust-giyim,https://images.unsplash.com/photo-1539185441755-769473a23570?w=400&auto=format&fm=webp&q=75,Unsplash (Dış Link),mayo-bikni-batch5.jpg,Görseli bu isimle kaydedin
musli-n-batch5,MÜSLİN,erkek-giyim,erkek-ust-giyim,https://images.unsplash.com/photo-1572804013427-4d7ca7268217?w=400&auto=format&fm=webp&q=75,Unsplash (Dış Link),musli-n-batch5.jpg,Görseli bu isimle kaydedin
apka-batch5,ŞAPKA,erkek-giyim,erkek-ust-giyim,https://images.unsplash.com/photo-1575428652377-a2d80e2277fc?w=400&auto=format&fm=webp&q=75,Unsplash (Dış Link),apka-batch5.jpg,Görseli bu isimle kaydedin
ort-mayo-batch5,ŞORT / MAYO,erkek-giyim,erkek-alt-giyim,https://images.unsplash.com/photo-1560269999-cef6ebd23ad3?w=400&auto=format&fm=webp&q=75,Unsplash (Dış Link),ort-mayo-batch5.jpg,Görseli bu isimle kaydedin
ferace-batch6,FERACE,kadin-giyim,kadin-ust-giyim,https://images.unsplash.com/photo-1668028554853-f83cac89ce0f?w=400&auto=format&fm=webp&q=75,Unsplash (Dış Link),ferace-batch6.jpg,Görseli bu isimle kaydedin
trenckot-batch6,TRENCKOT,erkek-giyim,erkek-ust-giyim,https://images.unsplash.com/photo-f6g7h8i9j002f7890?w=400&auto=format&fm=webp&q=75,Unsplash (Dış Link),trenckot-batch6.jpg,Görseli bu isimle kaydedin
spor-ayakkabi-batch6,SPOR AYAKKABI,ozel-temizleme,canta-ayakkabi,https://images.unsplash.com/photo-1595950653106-6c9ebd614d3a?w=400&auto=format&fm=webp&q=75,Unsplash (Dış Link),spor-ayakkabi-batch6.jpg,Görseli bu isimle kaydedin
esofman-batch6,EŞOFMAN,erkek-giyim,erkek-alt-giyim,https://images.unsplash.com/photo-1556821840-3a63f95609a7?w=400&auto=format&fm=webp&q=75,Unsplash (Dış Link),esofman-batch6.jpg,Görseli bu isimle kaydedin
kaban-akri-li-k-batch6,KABAN AKRİLİK,erkek-giyim,erkek-ust-giyim,https://images.unsplash.com/photo-1605833227154-3877aa1f1ab8?w=400&auto=format&fm=webp&q=75,Unsplash (Dış Link),kaban-akri-li-k-batch6.jpg,Görseli bu isimle kaydedin
anorak-batch6,ANORAK,erkek-giyim,erkek-ust-giyim,https://images.unsplash.com/photo-1551043750-4b1f82bbcbf3?w=400&auto=format&fm=webp&q=75,Unsplash (Dış Link),anorak-batch6.jpg,Görseli bu isimle kaydedin
elbi-se-batch6,ELBİSE,kadin-giyim,kadin-ust-giyim,https://images.unsplash.com/photo-1623609163859-ca93c959b98a?w=400&auto=format&fm=webp&q=75,Unsplash (Dış Link),elbi-se-batch6.jpg,Görseli bu isimle kaydedin
kar-i-k-batch6,KARDİĞAN,erkek-giyim,erkek-ust-giyim,https://images.unsplash.com/photo-1620975686657-d718b88ce86a?w=400&auto=format&fm=webp&q=75,Unsplash (Dış Link),kar-i-k-batch6.jpg,Görseli bu isimle kaydedin
sort-batch6,ŞORT,erkek-giyim,erkek-alt-giyim,https://images.unsplash.com/photo-1441986300917-64674bd600d8?w=400&auto=format&fm=webp&q=75,Unsplash (Dış Link),sort-batch6.jpg,Görseli bu isimle kaydedin
etek-batch6,ETEK,kadin-giyim,kadin-ust-giyim,https://images.unsplash.com/photo-1594633312681-425c7b97ccd1?w=400&auto=format&fm=webp&q=75,Unsplash (Dış Link),etek-batch6.jpg,Görseli bu isimle kaydedin
elbi-se-i-pek-batch6,ELBİSE İPEK,kadin-giyim,kadin-ust-giyim,https://images.unsplash.com/photo-1651047666890-8eab731ee345?w=400&auto=format&fm=webp&q=75,Unsplash (Dış Link),elbi-se-i-pek-batch6.jpg,Görseli bu isimle kaydedin
ayakkabi-bez-batch6,AYAKKABI BEZ,ozel-temizleme,canta-ayakkabi,https://images.unsplash.com/photo-1600185365483-26d7a4cc7519?w=400&auto=format&fm=webp&q=75,Unsplash (Dış Link),ayakkabi-bez-batch6.jpg,Görseli bu isimle kaydedin
ayakkabi-kuma-batch6,AYAKKABI KUMAŞ,ozel-temizleme,canta-ayakkabi,https://images.unsplash.com/photo-1571945153237-4929e783af4a?w=400&auto=format&fm=webp&q=75,Unsplash (Dış Link),ayakkabi-kuma-batch6.jpg,Görseli bu isimle kaydedin
ayakkabi-s-et-batch6,AYAKKABI SÜET,ozel-temizleme,canta-ayakkabi,https://images.unsplash.com/photo-1567207877210-e8bb99098b9e?w=400&auto=format&fm=webp&q=75,Unsplash (Dış Link),ayakkabi-s-et-batch6.jpg,Görseli bu isimle kaydedin
ocuk-g-mlek-batch6,ÇOCUK GÖMLEK,cocuk-giyim,cocuk-ozel-gunler,https://images.unsplash.com/photo-1519238263530-99bdd11df2ea?w=400&auto=format&fm=webp&q=75,Unsplash (Dış Link),ocuk-g-mlek-batch6.jpg,Görseli bu isimle kaydedin
ocuk-pantolon-batch6,ÇOCUK PANTOLON,cocuk-giyim,cocuk-ozel-gunler,https://images.unsplash.com/photo-1503919005314-30d93d07d823?w=400&auto=format&fm=webp&q=75,Unsplash (Dış Link),ocuk-pantolon-batch6.jpg,Görseli bu isimle kaydedin
ocuk-ceket-batch6,ÇOCUK CEKET,cocuk-giyim,cocuk-ozel-gunler,https://images.unsplash.com/photo-1564859228273-274232fdb516?w=400&auto=format&fm=webp&q=75,Unsplash (Dış Link),ocuk-ceket-batch6.jpg,Görseli bu isimle kaydedin
fistan-batch6,FISTAN,erkek-giyim,erkek-ust-giyim,https://images.unsplash.com/photo-1505022610485-0249ba5b3675?w=400&auto=format&fm=webp&q=75,Unsplash (Dış Link),fistan-batch6.jpg,Görseli bu isimle kaydedin
g-mlek-pamuk-batch6,GÖMLEK PAMUK,erkek-giyim,erkek-ust-giyim,https://images.unsplash.com/photo-1620451334581-1ccebce2f2d2?w=400&auto=format&fm=webp&q=75,Unsplash (Dış Link),g-mlek-pamuk-batch6.jpg,Görseli bu isimle kaydedin
eketler-batch6,CEKETLER,erkek-giyim,erkek-ust-giyim,https://images.unsplash.com/photo-1591047139829-d91aecb6caea?w=400&auto=format&fm=webp&q=75,Unsplash (Dış Link),eketler-batch6.jpg,Görseli bu isimle kaydedin
eaket-denim-batch6,CEKET DENİM,erkek-giyim,erkek-ust-giyim,https://images.unsplash.com/photo-bQPCaWpx6e4?w=400&auto=format&fm=webp&q=75,Unsplash (Dış Link),eaket-denim-batch6.jpg,Görseli bu isimle kaydedin
abi-ye-etek-batch6,ABİYE ETEK,kadin-giyim,kadin-ust-giyim,https://images.unsplash.com/photo-1595777457583-95e059d581b8?w=400&auto=format&fm=webp&q=75,Unsplash (Dış Link),abi-ye-etek-batch6.jpg,Görseli bu isimle kaydedin
abi-ye-u-st-batch6,ABİYE ÜST,kadin-giyim,kadin-ust-giyim,https://images.unsplash.com/photo-1675489757010-e97edf0b8f3e?w=400&auto=format&fm=webp&q=75,Unsplash (Dış Link),abi-ye-u-st-batch6.jpg,Görseli bu isimle kaydedin
mont-yaga-ur-batch6,MONT YAĞMURLUK,erkek-giyim,erkek-ust-giyim,https://images.unsplash.com/photo-1578041089447-2ffc6fa20138?w=400&auto=format&fm=webp&q=75,Unsplash (Dış Link),mont-yaga-ur-batch6.jpg,Görseli bu isimle kaydedin
keten-pantolonu-batch6,KETEN PANTOLONU,erkek-giyim,erkek-alt-giyim,https://images.unsplash.com/photo-1473966968600?w=400&auto=format&fm=webp&q=75,Unsplash (Dış Link),keten-pantolonu-batch6.jpg,Görseli bu isimle kaydedin
poli-ester-pantolon-batch6,POLİESTER PANTOLON,erkek-giyim,erkek-alt-giyim,https://images.unsplash.com/photo-1542272604-787c3835535d?w=400&auto=format&fm=webp&q=75,Unsplash (Dış Link),poli-ester-pantolon-batch6.jpg,Görseli bu isimle kaydedin
kar-i-an-i-pek-batch6,KARDİGAN İPEK,erkek-giyim,erkek-ust-giyim,https://images.unsplash.com/photo-1571019612922-0ba824358c0b?w=400&auto=format&fm=webp&q=75,Unsplash (Dış Link),kar-i-an-i-pek-batch6.jpg,Görseli bu isimle kaydedin
halı-y-kamasi-m2-batch6,HALI YIKAMASI M2,ev-tekstili,hali-kilim,https://images.unsplash.com/photo-1565564040510-6b9bf33b6c1a?w=400&auto=format&fm=webp&q=75,Unsplash (Dış Link),halı-y-kamasi-m2-batch6.jpg,Görseli bu isimle kaydedin
hali-doku-ma-m2-batch6,HALI DOKUMA M2,ev-tekstili,hali-kilim,https://images.unsplash.com/photo-1577563908411-5077b6dc7624?w=400&auto=format&fm=webp&q=75,Unsplash (Dış Link),hali-doku-ma-m2-batch6.jpg,Görseli bu isimle kaydedin
keten-g-mle-i-batch6,KETEN GÖMLEĞİ,erkek-giyim,erkek-ust-giyim,https://images.unsplash.com/photo-u1v2w3x4y502f7890?w=400&auto=format&fm=webp&q=75,Unsplash (Dış Link),keten-g-mle-i-batch6.jpg,Görseli bu isimle kaydedin
spor-giyim-batch6,SPOR GİYİM,erkek-giyim,erkek-ust-giyim,https://images.unsplash.com/photo-1578681994506-b8f463449011?w=400&auto=format&fm=webp&q=75,Unsplash (Dış Link),spor-giyim-batch6.jpg,Görseli bu isimle kaydedin
spor-eek-batch6,SPOR CEKET,erkek-giyim,erkek-ust-giyim,https://images.unsplash.com/photo-1566479179817-fb2cfe3b95c6?w=400&auto=format&fm=webp&q=75,Unsplash (Dış Link),spor-eek-batch6.jpg,Görseli bu isimle kaydedin
spor-pantolon-batch6,SPOR PANTOLON,erkek-giyim,erkek-alt-giyim,https://images.unsplash.com/photo-1587554801582-8b67bbf87cfa?w=400&auto=format&fm=webp&q=75,Unsplash (Dış Link),spor-pantolon-batch6.jpg,Görseli bu isimle kaydedin
eldi-ven-deri-batch7,ELDİVEN DERİ,ozel-temizleme,canta-ayakkabi,https://images.unsplash.com/photo-1544966503?w=400&auto=format&fm=webp&q=75,Unsplash (Dış Link),eldi-ven-deri-batch7.jpg,Görseli bu isimle kaydedin
eldi-ven-suet-batch7,ELDİVEN SÜET,ozel-temizleme,canta-ayakkabi,https://images.unsplash.com/photo-1578662996442-48f60103fc96?w=400&auto=format&fm=webp&q=75,Unsplash (Dış Link),eldi-ven-suet-batch7.jpg,Görseli bu isimle kaydedin
esofman-2-li-tak-batch7,ESOFMAN 2'Lİ TAK,erkek-giyim,erkek-ust-giyim,https://images.unsplash.com/photo-1607453998774-d533f65dac99?w=400&auto=format&fm=webp&q=75,Unsplash (Dış Link),esofman-2-li-tak-batch7.jpg,Görseli bu isimle kaydedin
esofman-3-lu-takim-batch7,ESOFMAN 3'LU TAKIM,erkek-giyim,erkek-ust-giyim,https://images.unsplash.com/photo-1449824913935-59a10b8d2000?w=400&auto=format&fm=webp&q=75,Unsplash (Dış Link),esofman-3-lu-takim-batch7.jpg,Görseli bu isimle kaydedin
esofman-tek-batch7,ESOFMAN TEK,erkek-giyim,erkek-ust-giyim,https://images.unsplash.com/photo-1580657018950-c7f7d6a6d990?w=400&auto=format&fm=webp&q=75,Unsplash (Dış Link),esofman-tek-batch7.jpg,Görseli bu isimle kaydedin
esarp-i-pek-batch7,EŞARP İPEK,erkek-giyim,erkek-ust-giyim,https://images.unsplash.com/photo-1565814329452-e1efa11c5b89?w=400&auto=format&fm=webp&q=75,Unsplash (Dış Link),esarp-i-pek-batch7.jpg,Görseli bu isimle kaydedin
fantezi-ceket-batch7,FANTEZİ CEKET,erkek-giyim,erkek-ust-giyim,https://images.unsplash.com/photo-1605518216938-7c31b7b14ad0?w=400&auto=format&fm=webp&q=75,Unsplash (Dış Link),fantezi-ceket-batch7.jpg,Görseli bu isimle kaydedin
futbol-forması-batch7,FUTBOL FORMASI,erkek-giyim,erkek-ust-giyim,https://images.unsplash.com/photo-1517466787929-bc90951d0974?w=400&auto=format&fm=webp&q=75,Unsplash (Dış Link),futbol-forması-batch7.jpg,Görseli bu isimle kaydedin
gabardin-pantolon-batch7,GABARDİN PANTOLON,erkek-giyim,erkek-alt-giyim,https://images.unsplash.com/photo-1548861216-17dd1ac80d5f?w=400&auto=format&fm=webp&q=75,Unsplash (Dış Link),gabardin-pantolon-batch7.jpg,Görseli bu isimle kaydedin
gotik-elbi-se-batch7,GOTİK ELBİSE,kadin-giyim,kadin-ust-giyim,https://images.unsplash.com/photo-1714338733982-9b7fabf5db88?w=400&auto=format&fm=webp&q=75,Unsplash (Dış Link),gotik-elbi-se-batch7.jpg,Görseli bu isimle kaydedin
hırka-i-pek-batch7,HIRKA İPEK,kadin-giyim,kadin-ust-giyim,https://images.unsplash.com/photo-1583743089695-4b816a340f82?w=400&auto=format&fm=webp&q=75,Unsplash (Dış Link),hırka-i-pek-batch7.jpg,Görseli bu isimle kaydedin
i-pek-elbi-se-batch7,İPEK ELBİSE,kadin-giyim,kadin-ust-giyim,https://images.unsplash.com/photo-1742794572842-6836a8d0b11b?w=400&auto=format&fm=webp&q=75,Unsplash (Dış Link),i-pek-elbi-se-batch7.jpg,Görseli bu isimle kaydedin
i-pek-etek-batch7,İPEK ETEK,kadin-giyim,kadin-ust-giyim,https://images.unsplash.com/photo-1541099649105-f69ad21f3246?w=400&auto=format&fm=webp&q=75,Unsplash (Dış Link),i-pek-etek-batch7.jpg,Görseli bu isimle kaydedin
jakar-kuma-batch7,JAKAR KUMAŞ,erkek-giyim,erkek-ust-giyim,https://images.unsplash.com/photo-1558769132-cb1aea458c5e?w=400&auto=format&fm=webp&q=75,Unsplash (Dış Link),jakar-kuma-batch7.jpg,Görseli bu isimle kaydedin
jeans-ceket-batch7,JEANS CEKET,erkek-giyim,erkek-ust-giyim,https://images.unsplash.com/photo-1576995853123-5a10305d93c0?w=400&auto=format&fm=webp&q=75,Unsplash (Dış Link),jeans-ceket-batch7.jpg,Görseli bu isimle kaydedin
jeans-etek-batch7,JEANS ETEK,kadin-giyim,kadin-ust-giyim,https://images.unsplash.com/photo-1612423284934-2850a4ea6b0f?w=400&auto=format&fm=webp&q=75,Unsplash (Dış Link),jeans-etek-batch7.jpg,Görseli bu isimle kaydedin
jeans-g-mlek-batch7,JEANS GÖMLEK,erkek-giyim,erkek-ust-giyim,https://images.unsplash.com/photo-1594633312681?w=400&auto=format&fm=webp&q=75,Unsplash (Dış Link),jeans-g-mlek-batch7.jpg,Görseli bu isimle kaydedin
kombinezon-batch7,KOMBİNEZON,erkek-giyim,erkek-ust-giyim,https://images.unsplash.com/photo-1574180045827-681f8a1a9622?w=400&auto=format&fm=webp&q=75,Unsplash (Dış Link),kombinezon-batch7.jpg,Görseli bu isimle kaydedin
kordon-g-mlek-batch7,KORDON GÖMLEK,erkek-giyim,erkek-ust-giyim,https://images.unsplash.com/photo-1490114538077-0a7f8cb49891?w=400&auto=format&fm=webp&q=75,Unsplash (Dış Link),kordon-g-mlek-batch7.jpg,Görseli bu isimle kaydedin
kot-ceket-batch7,KOT CEKET,erkek-giyim,erkek-ust-giyim,https://images.unsplash.com/photo-1519058082700-08a0b56da9b4?w=400&auto=format&fm=webp&q=75,Unsplash (Dış Link),kot-ceket-batch7.jpg,Görseli bu isimle kaydedin
kostum-takım-batch7,KOSTÜM TAKIM,kadin-giyim,kadin-ust-giyim,https://images.unsplash.com/photo-1515886657613-9f3515b0c78f?w=400&auto=format&fm=webp&q=75,Unsplash (Dış Link),kostum-takım-batch7.jpg,Görseli bu isimle kaydedin
k-rklu-ceket-batch7,KÜRKLU CEKET,ozel-temizleme,canta-ayakkabi,https://images.unsplash.com/photo-1624378515195-6bbdb73dff1a?w=400&auto=format&fm=webp&q=75,Unsplash (Dış Link),k-rklu-ceket-batch7.jpg,Görseli bu isimle kaydedin
k-rklu-kaban-batch7,KÜRKLU KABAN,ozel-temizleme,canta-ayakkabi,https://images.unsplash.com/photo-1544957992-20514f595d6f?w=400&auto=format&fm=webp&q=75,Unsplash (Dış Link),k-rklu-kaban-batch7.jpg,Görseli bu isimle kaydedin
k-rklu-mont-batch7,KÜRKLU MONT,ozel-temizleme,canta-ayakkabi,https://images.unsplash.com/photo-1614252369475-531eba835eb1?w=400&auto=format&fm=webp&q=75,Unsplash (Dış Link),k-rklu-mont-batch7.jpg,Görseli bu isimle kaydedin
k-rklu-yelek-batch7,KÜRKLU YELEK,ozel-temizleme,canta-ayakkabi,https://images.unsplash.com/photo-1544966503?w=400&auto=format&fm=webp&q=75,Unsplash (Dış Link),k-rklu-yelek-batch7.jpg,Görseli bu isimle kaydedin
k-rk-batch7,KÜRK,ozel-temizleme,canta-ayakkabi,https://images.unsplash.com/photo-1580169980201-5c064f8f8045?w=400&auto=format&fm=webp&q=75,Unsplash (Dış Link),k-rk-batch7.jpg,Görseli bu isimle kaydedin
likralı-tulum-batch7,LİKRALI TULUM,erkek-giyim,erkek-alt-giyim,https://images.unsplash.com/photo-1549062572-544a64fb0c56?w=400&auto=format&fm=webp&q=75,Unsplash (Dış Link),likralı-tulum-batch7.jpg,Görseli bu isimle kaydedin
lycra-pantolon-batch7,LYCRA PANTOLON,erkek-giyim,erkek-alt-giyim,https://images.unsplash.com/photo-1598300042247-d088f8ab3a91?w=400&auto=format&fm=webp&q=75,Unsplash (Dış Link),lycra-pantolon-batch7.jpg,Görseli bu isimle kaydedin
maksi-elbi-se-batch7,MAKSİ ELBİSE,kadin-giyim,kadin-ust-giyim,https://images.unsplash.com/photo-1496747611176-843222e1e57c?w=400&auto=format&fm=webp&q=75,Unsplash (Dış Link),maksi-elbi-se-batch7.jpg,Görseli bu isimle kaydedin
mani-battal-mont-batch7,MANİ BATTAL MONT,erkek-giyim,erkek-ust-giyim,https://images.unsplash.com/photo-1580357954932-9ab60251977c?w=400&auto=format&fm=webp&q=75,Unsplash (Dış Link),mani-battal-mont-batch7.jpg,Görseli bu isimle kaydedin
moda-ceket-batch7,MODA CEKET,erkek-giyim,erkek-ust-giyim,https://images.unsplash.com/photo-1554898291-1541914077c5?w=400&auto=format&fm=webp&q=75,Unsplash (Dış Link),moda-ceket-batch7.jpg,Görseli bu isimle kaydedin
nakı-li-etek-batch7,NAKIŞLI ETEK,kadin-giyim,kadin-ust-giyim,https://images.unsplash.com/photo-1515372039744-b8f02a3ae446?w=400&auto=format&fm=webp&q=75,Unsplash (Dış Link),nakı-li-etek-batch7.jpg,Görseli bu isimle kaydedin
ni-an-elbi-sesi-batch7,NİŞAN ELBİSESİ,kadin-giyim,kadin-ust-giyim,https://images.unsplash.com/photo-1636565024907-6f105fd5b52e?w=400&auto=format&fm=webp&q=75,Unsplash (Dış Link),ni-an-elbi-sesi-batch7.jpg,Görseli bu isimle kaydedin
organze-elbi-se-batch7,ORGANZE ELBİSE,kadin-giyim,kadin-ust-giyim,https://images.unsplash.com/photo-1717777918255-ac7f0c913fb0?w=400&auto=format&fm=webp&q=75,Unsplash (Dış Link),organze-elbi-se-batch7.jpg,Görseli bu isimle kaydedin
pijama-elbi-sesi-batch7,PİJAMA ELBİSESİ,erkek-giyim,erkek-ust-giyim,https://images.unsplash.com/photo-1722109876543-a1b2c3d4e5f6?w=400&auto=format&fm=webp&q=75,Unsplash (Dış Link),pijama-elbi-sesi-batch7.jpg,Görseli bu isimle kaydedin
polar-ceket-batch7,POLAR CEKET,erkek-giyim,erkek-ust-giyim,https://images.unsplash.com/photo-1574180566232-aaad1b5b8450?w=400&auto=format&fm=webp&q=75,Unsplash (Dış Link),polar-ceket-batch7.jpg,Görseli bu isimle kaydedin
polar-pantolon-batch7,POLAR PANTOLON,erkek-giyim,erkek-alt-giyim,https://images.unsplash.com/photo-1615873968403-89e068629265?w=400&auto=format&fm=webp&q=75,Unsplash (Dış Link),polar-pantolon-batch7.jpg,Görseli bu isimle kaydedin
popli-n-g-mlek-batch7,POPLİN GÖMLEK,erkek-giyim,erkek-ust-giyim,https://images.unsplash.com/photo-1489987707025-afc232f7ea0f?w=400&auto=format&fm=webp&q=75,Unsplash (Dış Link),popli-n-g-mlek-batch7.jpg,Görseli bu isimle kaydedin
salopet-batch7,SALOPET,erkek-giyim,erkek-ust-giyim,https://images.unsplash.com/photo-1723210987654-b2c3d4e5f6a7?w=400&auto=format&fm=webp&q=75,Unsplash (Dış Link),salopet-batch7.jpg,Görseli bu isimle kaydedin
sıfı-r-yakali-g-mlek-batch7,SIFIR YAKALI GÖMLEK,erkek-giyim,erkek-ust-giyim,https://images.unsplash.com/photo-1571019612845-b9c5a150f7c9?w=400&auto=format&fm=webp&q=75,Unsplash (Dış Link),sıfı-r-yakali-g-mlek-batch7.jpg,Görseli bu isimle kaydedin
kaban-deri-batch8,KABAN DERİ,ozel-temizleme,canta-ayakkabi,https://images.unsplash.com/photo-1507003211169-0a1dd7228f2d?w=400&auto=format&fm=webp&q=75,Unsplash (Dış Link),kaban-deri-batch8.jpg,Görseli bu isimle kaydedin
kaban-kapsonlu-batch8,KABAN KAPŞONLU,erkek-giyim,erkek-ust-giyim,https://images.unsplash.com/photo-1544966503-7cc5ac882d5f?w=400&auto=format&fm=webp&q=75,Unsplash (Dış Link),kaban-kapsonlu-batch8.jpg,Görseli bu isimle kaydedin
kaban-kaz-tuyu-batch8,KABAN KAZ TÜYÜ,erkek-giyim,erkek-ust-giyim,https://images.unsplash.com/photo-1578662932900-239b8d4954d6?w=400&auto=format&fm=webp&q=75,Unsplash (Dış Link),kaban-kaz-tuyu-batch8.jpg,Görseli bu isimle kaydedin
kaban-suet-batch8,KABAN SÜET,ozel-temizleme,canta-ayakkabi,https://images.unsplash.com/photo-1520639888713-7851133b1ed0?w=400&auto=format&fm=webp&q=75,Unsplash (Dış Link),kaban-suet-batch8.jpg,Görseli bu isimle kaydedin
kaban-yaka-kol-kurklu-batch8,KABAN YAKA-KOL KÜRKLÜ,ozel-temizleme,canta-ayakkabi,https://images.unsplash.com/photo-1544723795-3fb6469f5b39?w=400&auto=format&fm=webp&q=75,Unsplash (Dış Link),kaban-yaka-kol-kurklu-batch8.jpg,Görseli bu isimle kaydedin
kaban-yakasi-kurklu-batch8,KABAN YAKASI KÜRKLU,ozel-temizleme,canta-ayakkabi,https://images.unsplash.com/photo-1583743814966-8936f37f4678?w=400&auto=format&fm=webp&q=75,Unsplash (Dış Link),kaban-yakasi-kurklu-batch8.jpg,Görseli bu isimle kaydedin
mont-kayak-batch8,MONT KAYAK,erkek-giyim,erkek-ust-giyim,https://images.unsplash.com/photo-1551698618-1dfe5d97d256?w=400&auto=format&fm=webp&q=75,Unsplash (Dış Link),mont-kayak-batch8.jpg,Görseli bu isimle kaydedin
kayak-tak-2-par-batch8,KAYAK TAK.2 PAR.,erkek-giyim,erkek-alt-giyim,https://images.unsplash.com/photo-1607345366928-199ea26cfe3e?w=400&auto=format&fm=webp&q=75,Unsplash (Dış Link),kayak-tak-2-par-batch8.jpg,Görseli bu isimle kaydedin
kayak-pantolonu-batch8,KAYAK PANTOLONU,erkek-giyim,erkek-alt-giyim,https://images.unsplash.com/photo-1542272604-787c3835535d?w=400&auto=format&fm=webp&q=75,Unsplash (Dış Link),kayak-pantolonu-batch8.jpg,Görseli bu isimle kaydedin
kayak-montuu-batch8,KAYAK MONTUU,erkek-giyim,erkek-ust-giyim,https://images.unsplash.com/photo-1507003211169?w=400&auto=format&fm=webp&q=75,Unsplash (Dış Link),kayak-montuu-batch8.jpg,Görseli bu isimle kaydedin
mont-kosum-batch8,MONT KOŞUM,erkek-giyim,erkek-ust-giyim,https://images.unsplash.com/photo-1507003211169?w=400&auto=format&fm=webp&q=75,Unsplash (Dış Link),mont-kosum-batch8.jpg,Görseli bu isimle kaydedin
mont-spor-batch8,MONT SPOR,erkek-giyim,erkek-ust-giyim,https://images.unsplash.com/photo-1591047139829-d91aecb6caea?w=400&auto=format&fm=webp&q=75,Unsplash (Dış Link),mont-spor-batch8.jpg,Görseli bu isimle kaydedin
mont-terli-k-batch8,MONT TERLİK,erkek-giyim,erkek-ust-giyim,https://images.unsplash.com/photo-1549298916-b41d501d3772?w=400&auto=format&fm=webp&q=75,Unsplash (Dış Link),mont-terli-k-batch8.jpg,Görseli bu isimle kaydedin
mont-kı-li-k-batch8,MONT KIŞLIK,erkek-giyim,erkek-ust-giyim,https://images.unsplash.com/photo-1552374196-1ab2a1c593e8?w=400&auto=format&fm=webp&q=75,Unsplash (Dış Link),mont-kı-li-k-batch8.jpg,Görseli bu isimle kaydedin
mont-astar-batch8,MONT ASTAR,erkek-giyim,erkek-ust-giyim,https://images.unsplash.com/photo-1594938298603-c8148c4dae35?w=400&auto=format&fm=webp&q=75,Unsplash (Dış Link),mont-astar-batch8.jpg,Görseli bu isimle kaydedin
kapsonlu-ceket-batch8,KAPŞONLU CEKET,erkek-giyim,erkek-ust-giyim,https://images.unsplash.com/photo-1543076447-215ad9ba6923?w=400&auto=format&fm=webp&q=75,Unsplash (Dış Link),kapsonlu-ceket-batch8.jpg,Görseli bu isimle kaydedin
kapsonlu-sweatshirt-batch8,KAPŞONLU SWEATSHİRT,erkek-giyim,erkek-ust-giyim,https://images.unsplash.com/photo-1586023492125-27b2c045efd7?w=400&auto=format&fit=crop&ixlib=rb-4.0.3,Unsplash (Dış Link),kapsonlu-sweatshirt-batch8.jpg,Görseli bu isimle kaydedin
koltukalti-deri-si-batch8,KOLTUKALTI DERİSİ,ozel-temizleme,canta-ayakkabi,https://images.unsplash.com/photo-1582142306909-195724d2fed7?w=400&auto=format&fm=webp&q=75,Unsplash (Dış Link),koltukalti-deri-si-batch8.jpg,Görseli bu isimle kaydedin
koltukalti-deri-elbi-se-batch8,KOLTUKALTI DERİ ELBİSE,ozel-temizleme,canta-ayakkabi,https://images.unsplash.com/photo-1615412704336-86740e7273ee?w=400&auto=format&fm=webp&q=75,Unsplash (Dış Link),koltukalti-deri-elbi-se-batch8.jpg,Görseli bu isimle kaydedin
koltukalti-deri-ceket-batch8,KOLTUKALTI DERİ CEKET,ozel-temizleme,canta-ayakkabi,https://images.unsplash.com/photo-1581101767703-c9547ab3fc25?w=400&auto=format&fm=webp&q=75,Unsplash (Dış Link),koltukalti-deri-ceket-batch8.jpg,Görseli bu isimle kaydedin
koltukalti-deri-pantolon-batch8,KOLTUKALTI DERİ PANTOLON,erkek-giyim,erkek-alt-giyim,https://images.unsplash.com/photo-1596755094514-f87e34085b2c?w=400&auto=format&fm=webp&q=75,Unsplash (Dış Link),koltukalti-deri-pantolon-batch8.jpg,Görseli bu isimle kaydedin
uzun-ceket-batch8,UZUN CEKET,erkek-giyim,erkek-ust-giyim,https://images.unsplash.com/photo-1507003211169-0a1dd7228f2d?w=400&auto=format&fm=webp&q=75,Unsplash (Dış Link),uzun-ceket-batch8.jpg,Görseli bu isimle kaydedin
vintage-elbi-se-batch8,VİNTAGE ELBİSE,kadin-giyim,kadin-ust-giyim,https://images.unsplash.com/photo-1678935908871-a72d8380baaa?w=400&auto=format&fm=webp&q=75,Unsplash (Dış Link),vintage-elbi-se-batch8.jpg,Görseli bu isimle kaydedin
vintage-ceket-batch8,VİNTAGE CEKET,erkek-giyim,erkek-ust-giyim,https://images.unsplash.com/photo-1578662996442-48f60103fc96?w=400&auto=format&fm=webp&q=75,Unsplash (Dış Link),vintage-ceket-batch8.jpg,Görseli bu isimle kaydedin
vintage-kaban-batch8,VİNTAGE KABAN,erkek-giyim,erkek-ust-giyim,https://images.unsplash.com/photo-1507003211169?w=400&auto=format&fm=webp&q=75,Unsplash (Dış Link),vintage-kaban-batch8.jpg,Görseli bu isimle kaydedin
vintage-mont-batch8,VİNTAGE MONT,erkek-giyim,erkek-ust-giyim,https://images.unsplash.com/photo-1583743089695-4b816a340f82?w=400&auto=format&fm=webp&q=75,Unsplash (Dış Link),vintage-mont-batch8.jpg,Görseli bu isimle kaydedin
vtakim-batch8,VTAKIM,erkek-giyim,erkek-takim-elbise,https://images.unsplash.com/photo-1594938298603?w=400&auto=format&fm=webp&q=75,Unsplash (Dış Link),vtakim-batch8.jpg,Görseli bu isimle kaydedin
yelek-kadin-batch8,YELEK KADIN,kadin-giyim,kadin-ust-giyim,https://images.unsplash.com/photo-1649976390492-324d0c60beed?w=400&auto=format&fm=webp&q=75,Unsplash (Dış Link),yelek-kadin-batch8.jpg,Görseli bu isimle kaydedin
yelek-erkek-batch8,YELEK ERKEK,erkek-giyim,erkek-ust-giyim,https://images.unsplash.com/photo-1618477247222-acbdb0e159b3?w=400&auto=format&fm=webp&q=75,Unsplash (Dış Link),yelek-erkek-batch8.jpg,Görseli bu isimle kaydedin
yaka-kol-kur-k-batch8,YAKA-KOL KÜRK,ozel-temizleme,canta-ayakkabi,https://images.unsplash.com/photo-1516205651411-aef33a44f7c2?w=400&auto=format&fm=webp&q=75,Unsplash (Dış Link),yaka-kol-kur-k-batch8.jpg,Görseli bu isimle kaydedin
takim-elbi-se-kadin-batch8,TAKIM ELBİSE KADIN,kadin-giyim,kadin-ust-giyim,https://images.unsplash.com/photo-1515886657613-9f3515b0c78f?w=400&auto=format&fm=webp&q=75,Unsplash (Dış Link),takim-elbi-se-kadin-batch8.jpg,Görseli bu isimle kaydedin
takim-elbi-se-erkek-batch8,TAKIM ELBİSE ERKEK,erkek-giyim,erkek-takim-elbise,https://images.unsplash.com/photo-1600850056064-a8b380df8395?w=400&auto=format&fm=webp&q=75,Unsplash (Dış Link),takim-elbi-se-erkek-batch8.jpg,Görseli bu isimle kaydedin
smokin-erkek-batch8,SMOKİN ERKEK,erkek-giyim,erkek-takim-elbise,https://images.unsplash.com/photo-1555041469-a586c61ea9bc?w=400&auto=format&fit=crop&ixlib=rb-4.0.3,Unsplash (Dış Link),smokin-erkek-batch8.jpg,Görseli bu isimle kaydedin
smokin-kadin-batch8,SMOKİN KADIN,kadin-giyim,kadin-ust-giyim,https://images.unsplash.com/photo-1592853625511-ad0edcc69c07?w=400&auto=format&fm=webp&q=75,Unsplash (Dış Link),smokin-kadin-batch8.jpg,Görseli bu isimle kaydedin
uyku-tulum-batch8,UYKU TULUM,erkek-giyim,erkek-alt-giyim,https://images.unsplash.com/photo-1607562076644-eaa0a80a3064?w=400&auto=format&fm=webp&q=75,Unsplash (Dış Link),uyku-tulum-batch8.jpg,Görseli bu isimle kaydedin
terzi-tadi-lat-batch8,TERZİ TADİLAT,erkek-giyim,erkek-ust-giyim,https://images.unsplash.com/photo-a1b2c3d4e502f7890?w=400&auto=format&fm=webp&q=75,Unsplash (Dış Link),terzi-tadi-lat-batch8.jpg,Görseli bu isimle kaydedin
ust-balik-agzi-batch8,ÜST BALIK AĞZI,erkek-giyim,erkek-ust-giyim,https://images.unsplash.com/photo-1586790170083-2f9ceadc732d?w=400&auto=format&fm=webp&q=75,Unsplash (Dış Link),ust-balik-agzi-batch8.jpg,Görseli bu isimle kaydedin
ust-gundu-z-batch8,ÜST GÜNDÜZ,erkek-giyim,erkek-ust-giyim,https://images.unsplash.com/photo-1472099645785-5658abf4ff4e?w=400&auto=format&fm=webp&q=75,Unsplash (Dış Link),ust-gundu-z-batch8.jpg,Görseli bu isimle kaydedin
ust-gece-batch8,ÜST GECE,erkek-giyim,erkek-ust-giyim,https://images.unsplash.com/photo-f6g7h8i9j003f7890?w=400&auto=format&fm=webp&q=75,Unsplash (Dış Link),ust-gece-batch8.jpg,Görseli bu isimle kaydedin
ust-japon-yagligi-batch8,ÜST JAPON YAĞLIĞI,erkek-giyim,erkek-ust-giyim,https://images.unsplash.com/photo-1507003211169?w=400&auto=format&fm=webp&q=75,Unsplash (Dış Link),ust-japon-yagligi-batch8.jpg,Görseli bu isimle kaydedin
ust-kilot-batch8,ÜST KILOT,erkek-giyim,erkek-ust-giyim,https://images.unsplash.com/photo-1617171728-5bf6e67dec0a?w=400&auto=format&fm=webp&q=75,Unsplash (Dış Link),ust-kilot-batch8.jpg,Görseli bu isimle kaydedin
ust-elbise-gece-batch8,ÜST ELBİSE GECE,kadin-giyim,kadin-ust-giyim,https://images.unsplash.com/photo-1612722432474-b971cdcea546?w=400&auto=format&fm=webp&q=75,Unsplash (Dış Link),ust-elbise-gece-batch8.jpg,Görseli bu isimle kaydedin
ust-elbise-gundu-z-batch8,ÜST ELBİSE GÜNDÜZ,kadin-giyim,kadin-ust-giyim,https://images.unsplash.com/photo-1628009658182-6df033109021?w=400&auto=format&fm=webp&q=75,Unsplash (Dış Link),ust-elbise-gundu-z-batch8.jpg,Görseli bu isimle kaydedin
perde-oto-daki-l-batch8,PERDE OTO DAKİL,ev-tekstili,perde-tul,https://images.unsplash.com/photo-1581833971358-2c8b550f87b3?w=400&auto=format&fm=webp&q=75,Unsplash (Dış Link),perde-oto-daki-l-batch8.jpg,Görseli bu isimle kaydedin
perde-evsel-daki-l-batch8,PERDE EVSEL DAKİL,ev-tekstili,perde-tul,https://images.unsplash.com/photo-1524758631624-e2822e304c36?w=400&auto=format&fm=webp&q=75,Unsplash (Dış Link),perde-evsel-daki-l-batch8.jpg,Görseli bu isimle kaydedin
ust-gundu-z-i-pek-batch8,ÜST GÜNDÜZ İPEK,erkek-giyim,erkek-ust-giyim,https://images.unsplash.com/photo-1565814329452-e1efa11c5b89?w=400&auto=format&fm=webp&q=75,Unsplash (Dış Link),ust-gundu-z-i-pek-batch8.jpg,Görseli bu isimle kaydedin
triko-elbi-se-batch8,TRİKO ELBİSE,erkek-giyim,erkek-ust-giyim,https://images.unsplash.com/photo-1565814329452-e1efa11c5b89?w=400&auto=format&fm=webp&q=75,Unsplash (Dış Link),triko-elbi-se-batch8.jpg,Görseli bu isimle kaydedin
triko-ceket-batch8,TRİKO CEKET,erkek-giyim,erkek-ust-giyim,https://images.unsplash.com/photo-1507003211169?w=400&auto=format&fm=webp&q=75,Unsplash (Dış Link),triko-ceket-batch8.jpg,Görseli bu isimle kaydedin
triko-pantolon-batch8,TRİKO PANTOLON,erkek-giyim,erkek-alt-giyim,https://images.unsplash.com/photo-a1b2c3d4e503f7890?w=400&auto=format&fm=webp&q=75,Unsplash (Dış Link),triko-pantolon-batch8.jpg,Görseli bu isimle kaydedin
tolek-montuu-batch8,TOLEK MONTUU,erkek-giyim,erkek-ust-giyim,https://images.unsplash.com/photo-1617127365659-c47fa864d8bc?w=400&auto=format&fm=webp&q=75,Unsplash (Dış Link),tolek-montuu-batch8.jpg,Görseli bu isimle kaydedin
tuz-depolamalı-ceket-batch8,TUZ DEPOLAMALI CEKET,erkek-giyim,erkek-ust-giyim,https://images.unsplash.com/photo-1608234807415-564d1455dc07?w=400&auto=format&fm=webp&q=75,Unsplash (Dış Link),tuz-depolamalı-ceket-batch8.jpg,Görseli bu isimle kaydedin
tula-pantolon-batch8,TULA PANTOLON,erkek-giyim,erkek-alt-giyim,https://images.unsplash.com/photo-1473966968600?w=400&auto=format&fm=webp&q=75,Unsplash (Dış Link),tula-pantolon-batch8.jpg,Görseli bu isimle kaydedin
tula-elbi-se-batch8,TULA ELBİSE,erkek-giyim,erkek-ust-giyim,https://images.unsplash.com/photo-1558618666-fcd25c85cd64?w=400&auto=format&fit=crop&ixlib=rb-4.0.3,Unsplash (Dış Link),tula-elbi-se-batch8.jpg,Görseli bu isimle kaydedin
tula-ceket-batch8,TULA CEKET,erkek-giyim,erkek-ust-giyim,https://images.unsplash.com/photo-1594938598668-9bc89d789e3f?w=400&auto=format&fm=webp&q=75,Unsplash (Dış Link),tula-ceket-batch8.jpg,Görseli bu isimle kaydedin
tula-takim-batch8,TULA TAKIM,erkek-giyim,erkek-takim-elbise,https://images.unsplash.com/photo-1593305841991-05c297ba4575?w=400&auto=format&fm=webp&q=75,Unsplash (Dış Link),tula-takim-batch8.jpg,Görseli bu isimle kaydedin
tutmal-elbi-se-batch8,TUTMAL ELBİSE,erkek-giyim,erkek-ust-giyim,https://images.unsplash.com/photo-1609963733027-903686e51c01?w=400&auto=format&fm=webp&q=75,Unsplash (Dış Link),tutmal-elbi-se-batch8.jpg,Görseli bu isimle kaydedin
tutmal-ceket-batch8,TUTMAL CEKET,erkek-giyim,erkek-ust-giyim,https://images.unsplash.com/photo-1507003211169?w=400&auto=format&fm=webp&q=75,Unsplash (Dış Link),tutmal-ceket-batch8.jpg,Görseli bu isimle kaydedin
tutmal-pantolon-batch8,TUTMAL PANTOLON,erkek-giyim,erkek-alt-giyim,https://images.unsplash.com/photo-1473966968600?w=400&auto=format&fm=webp&q=75,Unsplash (Dış Link),tutmal-pantolon-batch8.jpg,Görseli bu isimle kaydedin
tutmal-takim-batch8,TUTMAL TAKIM,erkek-giyim,erkek-takim-elbise,https://images.unsplash.com/photo-1594938298603?w=400&auto=format&fm=webp&q=75,Unsplash (Dış Link),tutmal-takim-batch8.jpg,Görseli bu isimle kaydedin
visco-elbi-se-batch8,VİSCO ELBİSE,erkek-giyim,erkek-ust-giyim,https://images.unsplash.com/photo-1489987707025-afc232f7ea0f?w=400&auto=format&fm=webp&q=75,Unsplash (Dış Link),visco-elbi-se-batch8.jpg,Görseli bu isimle kaydedin
visco-ceket-batch8,VİSCO CEKET,erkek-giyim,erkek-ust-giyim,https://images.unsplash.com/photo-1558769132-cb1aea458c5e?w=400&auto=format&fm=webp&q=75,Unsplash (Dış Link),visco-ceket-batch8.jpg,Görseli bu isimle kaydedin
visco-pantolon-batch8,VİSCO PANTOLON,erkek-giyim,erkek-alt-giyim,https://images.unsplash.com/photo-1576995853123-5a10305d93c0?w=400&auto=format&fm=webp&q=75,Unsplash (Dış Link),visco-pantolon-batch8.jpg,Görseli bu isimle kaydedin
visco-takim-batch8,VİSCO TAKIM,erkek-giyim,erkek-takim-elbise,https://images.unsplash.com/photo-1594633312681-c3d4e5f6a7b8?w=400&auto=format&fm=webp&q=75,Unsplash (Dış Link),visco-takim-batch8.jpg,Görseli bu isimle kaydedin
ultra-son-isi-tma-batch8,ULTRA SON ISITMA,ozel-temizleme,canta-ayakkabi,https://images.unsplash.com/photo-1607554621516-6433573e7978?w=400&auto=format&fm=webp&q=75,Unsplash (Dış Link),ultra-son-isi-tma-batch8.jpg,Görseli bu isimle kaydedin
peluslar-batch9,PELUŞLAR,ev-tekstili,mobilya-tekstili,https://images.unsplash.com/photo-1562040506-a9b32cb51b94?w=400&auto=format&fm=webp&q=75,Unsplash (Dış Link),peluslar-batch9.jpg,Görseli bu isimle kaydedin
perde-batch9,PERDE,ev-tekstili,perde-tul,https://images.unsplash.com/photo-1699805135173-3087dab73dc9?w=400&auto=format&fm=webp&q=75,Unsplash (Dış Link),perde-batch9.jpg,Görseli bu isimle kaydedin
perde-i-pek-batch9,PERDE İPEK,ev-tekstili,perde-tul,https://images.unsplash.com/photo-1566041510394-cf7c8fe21800?w=400&auto=format&fm=webp&q=75,Unsplash (Dış Link),perde-i-pek-batch9.jpg,Görseli bu isimle kaydedin
pi-jama-2-par-batch9,PİJAMA 2 PAR.,erkek-giyim,erkek-ust-giyim,https://images.unsplash.com/photo-1581338834647-b0fb40704e21?w=400&auto=format&fm=webp&q=75,Unsplash (Dış Link),pi-jama-2-par-batch9.jpg,Görseli bu isimle kaydedin
pi-jama-2-par-i-pek-batch9,PİJAMA 2 PAR.İPEK,erkek-giyim,erkek-ust-giyim,https://images.unsplash.com/photo-1607532792764-d99e8d4f0de6?w=400&auto=format&fm=webp&q=75,Unsplash (Dış Link),pi-jama-2-par-i-pek-batch9.jpg,Görseli bu isimle kaydedin
pi-jama-2-par-saten-batch9,PİJAMA 2 PAR.SATEN,erkek-giyim,erkek-ust-giyim,https://images.unsplash.com/photo-1524863479829-916d8e77f114?w=400&auto=format&fm=webp&q=75,Unsplash (Dış Link),pi-jama-2-par-saten-batch9.jpg,Görseli bu isimle kaydedin
pi-jama-alt-batch9,PİJAMA ALT,erkek-giyim,erkek-alt-giyim,https://images.unsplash.com/photo-1473966968600?w=400&auto=format&fm=webp&q=75,Unsplash (Dış Link),pi-jama-alt-batch9.jpg,Görseli bu isimle kaydedin
pi-jama-tek-parc-batch9,PİJAMA TEK PARÇ.,erkek-giyim,erkek-ust-giyim,https://images.unsplash.com/photo-1559582930-2d0ec769e767?w=400&auto=format&fm=webp&q=75,Unsplash (Dış Link),pi-jama-tek-parc-batch9.jpg,Görseli bu isimle kaydedin
pi-jama-ust-batch9,PİJAMA ÜST,erkek-giyim,erkek-ust-giyim,https://images.unsplash.com/photo-1571019613454-1cb2f99b2d8b?w=400&auto=format&fm=webp&q=75,Unsplash (Dış Link),pi-jama-ust-batch9.jpg,Görseli bu isimle kaydedin
suet-terli-k-batch9,SÜET TERLİK,ozel-temizleme,canta-ayakkabi,https://images.unsplash.com/photo-1524504388940-b1c1722653e1?w=400&auto=format&fm=webp&q=75,Unsplash (Dış Link),suet-terli-k-batch9.jpg,Görseli bu isimle kaydedin
terli-k-batch9,TERLİK,erkek-giyim,erkek-ust-giyim,https://images.unsplash.com/photo-1544966503-7cc5ac882d5f?w=400&auto=format&fm=webp&q=75,Unsplash (Dış Link),terli-k-batch9.jpg,Görseli bu isimle kaydedin
terli-k-deri-batch9,TERLİK DERİ,ozel-temizleme,canta-ayakkabi,https://images.unsplash.com/photo-1560769629-975ec94e6a86?w=400&auto=format&fm=webp&q=75,Unsplash (Dış Link),terli-k-deri-batch9.jpg,Görseli bu isimle kaydedin
suet-ayakkabi-batch9,SÜET AYAKKABI,ozel-temizleme,canta-ayakkabi,https://images.unsplash.com/photo-1551488831-00ddcb6c6bd3?w=400&auto=format&fm=webp&q=75,Unsplash (Dış Link),suet-ayakkabi-batch9.jpg,Görseli bu isimle kaydedin
suet-bot-batch9,SÜET BOT,ozel-temizleme,canta-ayakkabi,https://images.unsplash.com/photo-1520639888713-7851133b1ed0?w=400&auto=format&fm=webp&q=75,Unsplash (Dış Link),suet-bot-batch9.jpg,Görseli bu isimle kaydedin
suet-cizme-batch9,SÜET ÇİZME,ozel-temizleme,canta-ayakkabi,https://images.unsplash.com/photo-1551698618-1dfe5d97d256?w=400&auto=format&fm=webp&q=75,Unsplash (Dış Link),suet-cizme-batch9.jpg,Görseli bu isimle kaydedin
suet-kovboy-batch9,SÜET KOVBOY,ozel-temizleme,canta-ayakkabi,https://images.unsplash.com/photo-1551488831-00ddcb6c6bd3?w=400&auto=format&fm=webp&q=75,Unsplash (Dış Link),suet-kovboy-batch9.jpg,Görseli bu isimle kaydedin
suet-sapo-batch9,SÜET ŞAPO,ozel-temizleme,canta-ayakkabi,https://images.unsplash.com/photo-1529958030586-3aae4ca485ff?w=400&auto=format&fm=webp&q=75,Unsplash (Dış Link),suet-sapo-batch9.jpg,Görseli bu isimle kaydedin
deri-terli-k-batch9,DERİ TERLİK,ozel-temizleme,canta-ayakkabi,https://images.unsplash.com/photo-1553735558-a3c8c8105fc7?w=400&auto=format&fm=webp&q=75,Unsplash (Dış Link),deri-terli-k-batch9.jpg,Görseli bu isimle kaydedin
deri-ayakkabi-batch9,DERİ AYAKKABI,ozel-temizleme,canta-ayakkabi,https://images.unsplash.com/photo-1549298916-b41d501d3772?w=400&auto=format&fm=webp&q=75,Unsplash (Dış Link),deri-ayakkabi-batch9.jpg,Görseli bu isimle kaydedin
deri-bot-batch9,DERİ BOT,ozel-temizleme,canta-ayakkabi,https://images.unsplash.com/photo-1552902865-b72c031ac5ea?w=400&auto=format&fm=webp&q=75,Unsplash (Dış Link),deri-bot-batch9.jpg,Görseli bu isimle kaydedin
deri-cizme-batch9,DERİ ÇİZME,ozel-temizleme,canta-ayakkabi,https://images.unsplash.com/photo-1507003211169?w=400&auto=format&fm=webp&q=75,Unsplash (Dış Link),deri-cizme-batch9.jpg,Görseli bu isimle kaydedin
deri-kovboy-batch9,DERİ KOVBOY,ozel-temizleme,canta-ayakkabi,https://images.unsplash.com/photo-1578662996442-48f60103fc96?w=400&auto=format&fm=webp&q=75,Unsplash (Dış Link),deri-kovboy-batch9.jpg,Görseli bu isimle kaydedin
deri-sapo-batch9,DERİ ŞAPO,ozel-temizleme,canta-ayakkabi,https://images.unsplash.com/photo-1521336575822-6da63fb45455?w=400&auto=format&fm=webp&q=75,Unsplash (Dış Link),deri-sapo-batch9.jpg,Görseli bu isimle kaydedin
sweatshirt-batch9,SWEATSHİRT,erkek-giyim,erkek-ust-giyim,https://images.unsplash.com/photo-1599585297038-d93bb5a09f33?w=400&auto=format&fm=webp&q=75,Unsplash (Dış Link),sweatshirt-batch9.jpg,Görseli bu isimle kaydedin
sweatshirt-kapsonlu-batch9,SWEATSHİRT KAPŞONLU,erkek-giyim,erkek-ust-giyim,https://images.unsplash.com/photo-1583691921979-37e96bb62b5b?w=400&auto=format&fm=webp&q=75,Unsplash (Dış Link),sweatshirt-kapsonlu-batch9.jpg,Görseli bu isimle kaydedin
tek-taraflı-yuni-form-batch9,TEK TARAFLI YUNİFORM,erkek-giyim,erkek-ust-giyim,https://images.unsplash.com/photo-1594633312681?w=400&auto=format&fm=webp&q=75,Unsplash (Dış Link),tek-taraflı-yuni-form-batch9.jpg,Görseli bu isimle kaydedin
ti-fort-batch9,TİFORT,erkek-giyim,erkek-ust-giyim,https://images.unsplash.com/photo-1594633312681?w=400&auto=format&fm=webp&q=75,Unsplash (Dış Link),ti-fort-batch9.jpg,Görseli bu isimle kaydedin
ti-k-g-mlek-batch9,TİK GÖMLEK,erkek-giyim,erkek-ust-giyim,https://images.unsplash.com/photo-1596755094514-f87e34085b2c?w=400&auto=format&fm=webp&q=75,Unsplash (Dış Link),ti-k-g-mlek-batch9.jpg,Görseli bu isimle kaydedin
tunik-batch9,TUNİK,kadin-giyim,kadin-ust-giyim,https://images.unsplash.com/photo-1582125169590-59f4985fb32a?w=400&auto=format&fm=webp&q=75,Unsplash (Dış Link),tunik-batch9.jpg,Görseli bu isimle kaydedin
uniform-batch9,UNİFORM,erkek-giyim,erkek-ust-giyim,https://images.unsplash.com/photo-1594633312681?w=400&auto=format&fm=webp&q=75,Unsplash (Dış Link),uniform-batch9.jpg,Görseli bu isimle kaydedin
uzun-g-mlek-batch9,UZUN GÖMLEK,erkek-giyim,erkek-ust-giyim,https://images.unsplash.com/photo-1594633312681?w=400&auto=format&fm=webp&q=75,Unsplash (Dış Link),uzun-g-mlek-batch9.jpg,Görseli bu isimle kaydedin
vestan-batch9,VESTAN,erkek-giyim,erkek-ust-giyim,https://images.unsplash.com/photo-1507003211169?w=400&auto=format&fm=webp&q=75,Unsplash (Dış Link),vestan-batch9.jpg,Görseli bu isimle kaydedin
vi-kose-elbi-se-batch9,VİKOSE ELBİSE,erkek-giyim,erkek-ust-giyim,https://images.unsplash.com/photo-1581803118522-7b72a50f7e9f?w=400&auto=format&fm=webp&q=75,Unsplash (Dış Link),vi-kose-elbi-se-batch9.jpg,Görseli bu isimle kaydedin
vi-kose-ceket-batch9,VİKOSE CEKET,erkek-giyim,erkek-ust-giyim,https://images.unsplash.com/photo-1604135307399-86cbc62ac8ac?w=400&auto=format&fm=webp&q=75,Unsplash (Dış Link),vi-kose-ceket-batch9.jpg,Görseli bu isimle kaydedin
vi-kose-pantolon-batch9,VİKOSE PANTOLON,erkek-giyim,erkek-alt-giyim,https://images.unsplash.com/photo-1608231387042-66d1773070a5?w=400&auto=format&fm=webp&q=75,Unsplash (Dış Link),vi-kose-pantolon-batch9.jpg,Görseli bu isimle kaydedin
vi-kose-takim-batch9,VİKOSE TAKIM,erkek-giyim,erkek-takim-elbise,https://images.unsplash.com/photo-1725432109876-d4e5f6a7b8c9?w=400&auto=format&fm=webp&q=75,Unsplash (Dış Link),vi-kose-takim-batch9.jpg,Görseli bu isimle kaydedin
y-n-elbi-se-batch9,YÜN ELBİSE,erkek-giyim,erkek-ust-giyim,https://images.unsplash.com/photo-1616806841781-e333e21b7341?w=400&auto=format&fm=webp&q=75,Unsplash (Dış Link),y-n-elbi-se-batch9.jpg,Görseli bu isimle kaydedin
y-n-ceket-batch9,YÜN CEKET,erkek-giyim,erkek-ust-giyim,https://images.unsplash.com/photo-1544922280-ad14c68bd1fd?w=400&auto=format&fm=webp&q=75,Unsplash (Dış Link),y-n-ceket-batch9.jpg,Görseli bu isimle kaydedin
y-n-pantolon-batch9,YÜN PANTOLON,erkek-giyim,erkek-alt-giyim,https://images.unsplash.com/photo-1594633312681-425c7b97ccd1?w=400&auto=format&fm=webp&q=75,Unsplash (Dış Link),y-n-pantolon-batch9.jpg,Görseli bu isimle kaydedin
y-n-takim-batch9,YÜN TAKIM,erkek-giyim,erkek-takim-elbise,https://images.unsplash.com/photo-1489987707025-afc232f7ea0f?w=400&auto=format&fm=webp&q=75,Unsplash (Dış Link),y-n-takim-batch9.jpg,Görseli bu isimle kaydedin
yatak-ortus-single-batch9,YATAK ÖRTÜS SİNGLE,ev-tekstili,yatak-takimi,https://images.unsplash.com/photo-1505693416388-ac5ce068fe85?w=400&auto=format&fm=webp&q=75,Unsplash (Dış Link),yatak-ortus-single-batch9.jpg,Görseli bu isimle kaydedin
yatak-ortus-double-batch9,YATAK ÖRTÜS DOUBLE,ev-tekstili,yatak-takimi,https://images.unsplash.com/photo-1540932239986-30128078f3c5?w=400&auto=format&fm=webp&q=75,Unsplash (Dış Link),yatak-ortus-double-batch9.jpg,Görseli bu isimle kaydedin
yastik-duz-batch9,YASTIK DÜZ,ev-tekstili,yatak-takimi,https://images.unsplash.com/photo-1571019613454-1cb2f99b2d8b?w=400&auto=format&fm=webp&q=75,Unsplash (Dış Link),yastik-duz-batch9.jpg,Görseli bu isimle kaydedin
yastik-nakı-li-batch9,YASTIK NAKIŞLI,ev-tekstili,yatak-takimi,https://images.unsplash.com/photo-1522771739844-6a9f6d5f14af?w=400&auto=format&fm=webp&q=75,Unsplash (Dış Link),yastik-nakı-li-batch9.jpg,Görseli bu isimle kaydedin
yastik-saten-batch9,YASTIK SATEN,ev-tekstili,yatak-takimi,https://images.unsplash.com/photo-1524863479829-916d8e77f114?w=400&auto=format&fm=webp&q=75,Unsplash (Dış Link),yastik-saten-batch9.jpg,Görseli bu isimle kaydedin
yastik-i-pek-batch9,YASTIK İPEK,ev-tekstili,yatak-takimi,https://images.unsplash.com/photo-1505693416388-ac5ce068fe85?w=400&auto=format&fm=webp&q=75,Unsplash (Dış Link),yastik-i-pek-batch9.jpg,Görseli bu isimle kaydedin
zip-pantolon-batch9,ZİP PANTOLON,erkek-giyim,erkek-alt-giyim,https://images.unsplash.com/photo-1598300042247-d088f8ab3a91?w=400&auto=format&fm=webp&q=75,Unsplash (Dış Link),zip-pantolon-batch9.jpg,Görseli bu isimle kaydedin
zip-g-mlek-batch9,ZİP GÖMLEK,erkek-giyim,erkek-ust-giyim,https://images.unsplash.com/photo-1594633312681?w=400&auto=format&fm=webp&q=75,Unsplash (Dış Link),zip-g-mlek-batch9.jpg,Görseli bu isimle kaydedin
zip-ceket-batch9,ZİP CEKET,erkek-giyim,erkek-ust-giyim,https://images.unsplash.com/photo-1496747611176-843222e1e57c?w=400&auto=format&fm=webp&q=75,Unsplash (Dış Link),zip-ceket-batch9.jpg,Görseli bu isimle kaydedin
zip-elbi-se-batch9,ZİP ELBİSE,erkek-giyim,erkek-ust-giyim,https://images.unsplash.com/photo-1594633312681?w=400&auto=format&fm=webp&q=75,Unsplash (Dış Link),zip-elbi-se-batch9.jpg,Görseli bu isimle kaydedin
zip-takim-batch9,ZİP TAKIM,erkek-giyim,erkek-takim-elbise,https://images.unsplash.com/photo-1562157873-818bc0726f68?w=400&auto=format&fm=webp&q=75,Unsplash (Dış Link),zip-takim-batch9.jpg,Görseli bu isimle kaydedin
zip-mont-batch9,ZİP MONT,erkek-giyim,erkek-ust-giyim,https://images.unsplash.com/photo-1591047139829-d91aecb6caea?w=400&auto=format&fm=webp&q=75,Unsplash (Dış Link),zip-mont-batch9.jpg,Görseli bu isimle kaydedin
zip-kaban-batch9,ZİP KABAN,erkek-giyim,erkek-ust-giyim,https://images.unsplash.com/photo-1507003211169?w=400&auto=format&fm=webp&q=75,Unsplash (Dış Link),zip-kaban-batch9.jpg,Görseli bu isimle kaydedin
zip-sweatshirt-batch9,ZİP SWEATSHİRT,erkek-giyim,erkek-ust-giyim,https://images.unsplash.com/photo-1612832020347-b89c38293dd6?w=400&auto=format&fm=webp&q=75,Unsplash (Dış Link),zip-sweatshirt-batch9.jpg,Görseli bu isimle kaydedin
zoom-elbi-se-batch9,ZOOM ELBİSE,erkek-giyim,erkek-ust-giyim,https://images.unsplash.com/photo-1554898291-1541914077c5?w=400&auto=format&fm=webp&q=75,Unsplash (Dış Link),zoom-elbi-se-batch9.jpg,Görseli bu isimle kaydedin
zoom-ceket-batch9,ZOOM CEKET,erkek-giyim,erkek-ust-giyim,https://images.unsplash.com/photo-1580357954932-9ab60251977c?w=400&auto=format&fm=webp&q=75,Unsplash (Dış Link),zoom-ceket-batch9.jpg,Görseli bu isimle kaydedin
zoom-pantolon-batch9,ZOOM PANTOLON,erkek-giyim,erkek-alt-giyim,https://images.unsplash.com/photo-1562157873-818bc0726f68?w=400&auto=format&fm=webp&q=75,Unsplash (Dış Link),zoom-pantolon-batch9.jpg,Görseli bu isimle kaydedin
zoom-takim-batch9,ZOOM TAKIM,erkek-giyim,erkek-takim-elbise,https://images.unsplash.com/photo-1594938298603?w=400&auto=format&fm=webp&q=75,Unsplash (Dış Link),zoom-takim-batch9.jpg,Görseli bu isimle kaydedin
