File Path,Expected URL,Page Type,Title,H1,Meta Description,Canonical URL,Heading Hierarchy,Image Alt Status,Robots Meta,Sitemap Status
blog/canta-temizleme/deri-ve-kumas-canta-bakim-rehberi.html,https://dryallekurutemizleme.com/blog/canta-temizleme/deri-ve-kumas-canta-bakim-rehberi.html,Blog Article,Deri ve Kumaş Çanta Bakım Rehberi | Dry Alle İstanbul,Deri ve Kumaş Çanta Bakım Rehberi,Deri ve kumaş çantalarınızın doğru bakımı ve temizliği için kapsamlı rehber. İstanbul Anadolu Yakası profesyonel çanta temizleme hizmeti ve uzman tavs...,https://dryallekurutemizleme.com/blog/canta-temizleme/deri-ve-kumas-canta-bakim-rehberi.html,H1: Deri ve Kumaş Çanta Bakım Rehberi | H2: Çanta Türlerine Göre Bakım Yöntemleri | H2: Çanta Leke Türleri ve Temizlik Teknikleri | H2: Çanta Bakımında Günlük Rutinler | H2: Profesyonel Çanta Temizlem...,NO ALT ATTRIBUTES,NO ROBOTS META,YES (Priority: 0.7)
blog/canta-temizleme/index.html,https://dryallekurutemizleme.com/blog/canta-temizleme/,Blog Category,Çanta Temizleme Blog | İstanbul Anadolu Yakası Çanta Bakım Rehberleri,Çanta Temizleme Rehberleri,İstanbul Anadolu Yakası,https://dryallekurutemizleme.com/blog/canta-temizleme/,H1: Çanta Temizleme Rehberleri | H2: Çanta Temizleme Makaleleri | H2: İstanbul Anadolu Yakası Çanta Temizleme Hizmeti | H2: İlgili Blog Kategorileri | H3: Deri ve Kumaş Çanta Bakım Rehberi | H3: Yakın...,1 images with alt,NO ROBOTS META,YES (Priority: 0.8)
blog/ev-tekstili/ev-tekstillerinin-bakim-ve-temizlik-rehberi.html,https://dryallekurutemizleme.com/blog/ev-tekstili/ev-tekstillerinin-bakim-ve-temizlik-rehberi.html,Blog Article,Ev Tekstillerinin Bakım ve Temizlik Rehberi | Dry Alle İstanbul,Ev Tekstillerinin Bakım ve Temizlik Rehberi,Ev tekstillerinizi uzun ömürlü ve hijyenik tutmak için kapsamlı bakım rehberi. İstanbul Anadolu Yakası profesyonel ev tekstili temizleme hizmeti ve uz...,https://dryallekurutemizleme.com/blog/ev-tekstili/ev-tekstillerinin-bakim-ve-temizlik-rehberi.html,H1: Ev Tekstillerinin Bakım ve Temizlik Rehberi | H2: Ev Tekstili Türlerine Göre Bakım Yöntemleri | H2: Ev Tekstili Leke Türleri ve Çıkarma Teknikleri | H2: Mevsimsel Ev Tekstili Bakımı | H2: Profesyo...,NO ALT ATTRIBUTES,NO ROBOTS META,YES (Priority: 0.7)
blog/ev-tekstili/index.html,https://dryallekurutemizleme.com/blog/ev-tekstili/,Blog Category,Ev Tekstili Blog | İstanbul Anadolu Yakası Ev Tekstili Bakım Rehberleri,Ev Tekstili Bakım Rehberleri,İstanbul Anadolu Yakası,https://dryallekurutemizleme.com/blog/ev-tekstili/,H1: Ev Tekstili Bakım Rehberleri | H2: Ev Tekstili Makaleleri | H2: İstanbul Anadolu Yakası Ev Tekstili Temizleme Hizmeti | H2: İlgili Blog Kategorileri | H3: Ev Tekstillerinin Bakım ve Temizlik Rehbe...,1 images with alt,NO ROBOTS META,YES (Priority: 0.8)
blog/hali-yikama/evde-hali-bakimi-ve-profesyonel-yikama-rehberi.html,https://dryallekurutemizleme.com/blog/hali-yikama/evde-hali-bakimi-ve-profesyonel-yikama-rehberi.html,Blog Article,Evde Halı Bakımı ve Profesyonel Yıkama Rehberi | Dry Alle İstanbul,Evde Halı Bakımı ve Profesyonel Yıkama Rehberi,Halılarınızı uzun ömürlü kullanmak için evde bakım ipuçları ve profesyonel halı yıkama hizmetinin önemi. İstanbul Anadolu Yakası halı yıkama uzmanında...,https://dryallekurutemizleme.com/blog/hali-yikama/evde-hali-bakimi-ve-profesyonel-yikama-rehberi.html,H1: Evde Halı Bakımı ve Profesyonel Yıkama Rehberi | H2: Günlük Halı Bakımı | H2: Halı Türlerine Göre Özel Bakım | H2: Profesyonel Halı Yıkama Ne Zaman Gereklidir? | H2: Profesyonel Halı Yıkama Süreci...,NO ALT ATTRIBUTES,NO ROBOTS META,YES (Priority: 0.7)
blog/hali-yikama/index.html,https://dryallekurutemizleme.com/blog/hali-yikama/,Blog Category,Halı Yıkama Blog | İstanbul Anadolu Yakası Halı Temizleme Rehberleri,Halı Yıkama Rehberleri,İstanbul Anadolu Yakası,https://dryallekurutemizleme.com/blog/hali-yikama/,H1: Halı Yıkama Rehberleri | H2: Halı Yıkama Makaleleri | H2: İstanbul Anadolu Yakası Halı Yıkama Hizmeti | H2: İlgili Blog Kategorileri | H3: Evde Halı Bakımı ve Profesyonel Yıkama Rehberi | H3: Yakı...,1 images with alt,NO ROBOTS META,YES (Priority: 0.8)
blog/index.html,https://dryallekurutemizleme.com/blog/,Blog Category,Kuru Temizleme Blog | Dry Alle Kuru Temizleme İstanbul,Tekstil Bakım ve Temizlik Rehberi,"Kuru temizleme, halı yıkama, koltuk temizleme ve tekstil bakımı hakkında uzman tavsiyeleri. İstanbul",https://dryallekurutemizleme.com/blog/,H1: Tekstil Bakım ve Temizlik Rehberi | H2: Blog Kategorileri | H2: 25 Yıllık Deneyimimizle Hizmetinizdeyiz | H3: Kuru Temizleme | H3: Halı Yıkama | H3: Koltuk Yıkama | H3: Perde Temizleme | H3: Ev Te...,NO ALT ATTRIBUTES,NO ROBOTS META,YES (Priority: 0.9)
blog/koltuk-yikama/index.html,https://dryallekurutemizleme.com/blog/koltuk-yikama/,Blog Category,Koltuk Yıkama Blog | İstanbul Anadolu Yakası Koltuk Temizleme Rehberleri,Koltuk Yıkama Rehberleri,İstanbul Anadolu Yakası,https://dryallekurutemizleme.com/blog/koltuk-yikama/,H1: Koltuk Yıkama Rehberleri | H2: Koltuk Yıkama Makaleleri | H2: İstanbul Anadolu Yakası Koltuk Yıkama Hizmeti | H2: İlgili Blog Kategorileri | H3: Kumaş ve Deri Koltuk Temizliği Rehberi | H3: Yakınd...,1 images with alt,NO ROBOTS META,YES (Priority: 0.8)
blog/koltuk-yikama/kumas-ve-deri-koltuk-temizligi-rehberi.html,https://dryallekurutemizleme.com/blog/koltuk-yikama/kumas-ve-deri-koltuk-temizligi-rehberi.html,Blog Article,Kumaş ve Deri Koltuk Temizliği Rehberi | Dry Alle İstanbul,Kumaş ve Deri Koltuk Temizliği Rehberi,Kumaş ve deri koltuklarınızın doğru temizlik ve bakımı için kapsamlı rehber. İstanbul Anadolu Yakası profesyonel koltuk yıkama hizmeti ve uzman tavsiy...,https://dryallekurutemizleme.com/blog/koltuk-yikama/kumas-ve-deri-koltuk-temizligi-rehberi.html,H1: Kumaş ve Deri Koltuk Temizliği Rehberi | H2: Koltuk Türlerine Göre Temizlik Metodları | H2: Koltuk Leke Türleri ve Çıkarma Teknikleri | H2: Günlük Koltuk Bakım Rutini | H2: Profesyonel Koltuk Yıka...,NO ALT ATTRIBUTES,NO ROBOTS META,YES (Priority: 0.7)
blog/kumas-deri-boyama/index.html,https://dryallekurutemizleme.com/blog/kumas-deri-boyama/,Blog Category,Kumaş Deri Boyama Blog | İstanbul Anadolu Yakası Renk Yenileme Rehberleri,Kumaş Deri Boyama Rehberleri,İstanbul Anadolu Yakası,https://dryallekurutemizleme.com/blog/kumas-deri-boyama/,H1: Kumaş Deri Boyama Rehberleri | H2: Kumaş Deri Boyama Makaleleri | H2: İstanbul Anadolu Yakası Kumaş Deri Boyama Hizmeti | H2: İlgili Blog Kategorileri | H3: Solmuş Kıyafetlere Yeni Hayat Verme Reh...,1 images with alt,NO ROBOTS META,YES (Priority: 0.8)
blog/kumas-deri-boyama/solmus-kiyafetlere-yeni-hayat-verme-rehberi.html,https://dryallekurutemizleme.com/blog/kumas-deri-boyama/solmus-kiyafetlere-yeni-hayat-verme-rehberi.html,Blog Article,Solmuş Kıyafetlere Yeni Hayat Verme Rehberi | Dry Alle İstanbul,Solmuş Kıyafetlere Yeni Hayat Verme Rehberi,Solmuş ve rengi atmış kıyafetlerinize profesyonel kumaş ve deri boyama ile yeni hayat verin. İstanbul Anadolu Yakası kumaş deri boyama hizmeti ve uzma...,https://dryallekurutemizleme.com/blog/kumas-deri-boyama/solmus-kiyafetlere-yeni-hayat-verme-rehberi.html,H1: Solmuş Kıyafetlere Yeni Hayat Verme Rehberi | H2: Kumaş ve Deri Boyama Nedir? | H2: Hangi Kıyafetler Boyanabilir? | H2: Profesyonel Boyama Süreçleri | H2: Boyama Teknikleri ve Yöntemleri | H2: Ren...,NO ALT ATTRIBUTES,NO ROBOTS META,YES (Priority: 0.7)
blog/kuru-temizleme/hassas-kumaslar-kuru-temizleme-rehberi.html,https://dryallekurutemizleme.com/blog/kuru-temizleme/hassas-kumaslar-kuru-temizleme-rehberi.html,Blog Article,Hassas Kumaşlar İçin Kuru Temizleme Rehberi | Dry Alle İstanbul,Hassas Kumaşlar İçin Kuru Temizleme Rehberi,"İpek, kaşmir, yün ve diğer hassas kumaşları kuru temizleme ile nasıl koruyabilirsiniz? İstanbul",https://dryallekurutemizleme.com/blog/kuru-temizleme/hassas-kumaslar-kuru-temizleme-rehberi.html,H1: Hassas Kumaşlar İçin Kuru Temizleme Rehberi | H2: Hassas Kumaş Türleri ve Özellikleri | H2: Kuru Temizleme Süreci | H2: Evde Yapılabilecek Ön Bakım | H2: Ne Zaman Kuru Temizlemeye Götürmelisiniz? ...,NO ALT ATTRIBUTES,NO ROBOTS META,YES (Priority: 0.7)
blog/kuru-temizleme/index.html,https://dryallekurutemizleme.com/blog/kuru-temizleme/,Blog Category,Kuru Temizleme Blog | İstanbul Hassas Kumaş Temizleme Rehberleri,Kuru Temizleme Rehberleri,İstanbul,https://dryallekurutemizleme.com/blog/kuru-temizleme/,H1: Kuru Temizleme Rehberleri | H2: Kuru Temizleme Makaleleri | H2: İstanbul Elite Semtlerde Kuru Temizleme | H2: İlgili Blog Kategorileri | H3: Hassas Kumaşlar İçin Kuru Temizleme Rehberi | H3: Yakın...,1 images with alt,NO ROBOTS META,YES (Priority: 0.8)
blog/lostra-hizmeti/ayakkabi-ve-deri-urunler-bakim-rehberi.html,https://dryallekurutemizleme.com/blog/lostra-hizmeti/ayakkabi-ve-deri-urunler-bakim-rehberi.html,Blog Article,Ayakkabı ve Deri Ürünler Bakım Rehberi | Dry Alle İstanbul,Ayakkabı ve Deri Ürünler Bakım Rehberi,Ayakkabı ve deri ürünlerinizin doğru bakımı ve lostra hizmeti için kapsamlı rehber. İstanbul Anadolu Yakası profesyonel ayakkabı bakım hizmeti ve uzma...,https://dryallekurutemizleme.com/blog/lostra-hizmeti/ayakkabi-ve-deri-urunler-bakim-rehberi.html,H1: Ayakkabı ve Deri Ürünler Bakım Rehberi | H2: Deri Türlerine Göre Ayakkabı Bakımı | H2: Profesyonel Lostra Hizmeti Süreci | H2: Ayakkabı Türlerine Özel Bakım | H2: Deri Ayakkabı Leke Türleri ve Çöz...,NO ALT ATTRIBUTES,NO ROBOTS META,YES (Priority: 0.7)
blog/lostra-hizmeti/index.html,https://dryallekurutemizleme.com/blog/lostra-hizmeti/,Blog Category,Lostra Hizmeti Blog | İstanbul Anadolu Yakası Ayakkabı Parlatma Rehberleri,Lostra Hizmeti Rehberleri,İstanbul Anadolu Yakası,https://dryallekurutemizleme.com/blog/lostra-hizmeti/,H1: Lostra Hizmeti Rehberleri | H2: Lostra Hizmeti Makaleleri | H2: İstanbul Anadolu Yakası Lostra Hizmeti | H2: İlgili Blog Kategorileri | H3: Ayakkabı ve Deri Ürünler Bakım Rehberi | H3: Yakında: Lü...,1 images with alt,NO ROBOTS META,YES (Priority: 0.8)
blog/perde-temizleme/ev-perdelerinizi-temiz-tutma-rehberi.html,https://dryallekurutemizleme.com/blog/perde-temizleme/ev-perdelerinizi-temiz-tutma-rehberi.html,Blog Article,Ev Perdelerinizi Temiz Tutma Rehberi | Dry Alle İstanbul,Ev Perdelerinizi Temiz Tutma Rehberi,Perdelerinizi uzun ömürlü ve temiz tutmak için kapsamlı bakım rehberi. İstanbul Anadolu Yakası profesyonel perde temizleme hizmeti ve uzman tavsiyeler...,https://dryallekurutemizleme.com/blog/perde-temizleme/ev-perdelerinizi-temiz-tutma-rehberi.html,H1: Ev Perdelerinizi Temiz Tutma Rehberi | H2: Perde Türlerine Göre Bakım Yöntemleri | H2: Perdelerinizi Evde Temiz Tutma Yöntemleri | H2: Perde Leke Türleri ve Çıkarma Teknikleri | H2: Profesyonel Pe...,NO ALT ATTRIBUTES,NO ROBOTS META,YES (Priority: 0.7)
blog/perde-temizleme/index.html,https://dryallekurutemizleme.com/blog/perde-temizleme/,Blog Category,Perde Temizleme Blog | İstanbul Anadolu Yakası Perde Bakım Rehberleri,Perde Temizleme Rehberleri,İstanbul Anadolu Yakası,https://dryallekurutemizleme.com/blog/perde-temizleme/,H1: Perde Temizleme Rehberleri | H2: Perde Temizleme Makaleleri | H2: İstanbul Anadolu Yakası Perde Temizleme Hizmeti | H2: İlgili Blog Kategorileri | H3: Ev Perdelerinizi Temiz Tutma Rehberi | H3: Ya...,1 images with alt,NO ROBOTS META,YES (Priority: 0.8)
blog/utu-hizmetleri/ev-utusu-vs-profesyonel-utu-hizmeti.html,https://dryallekurutemizleme.com/blog/utu-hizmetleri/ev-utusu-vs-profesyonel-utu-hizmeti.html,Blog Article,Ev Ütüsü vs Profesyonel Ütü Hizmeti | Dry Alle İstanbul,Ev Ütüsü vs Profesyonel Ütü Hizmeti,Ev ütüsü ile profesyonel ütü hizmeti arasındaki farklar. İstanbul Anadolu Yakası profesyonel ütü hizmeti avantajları ve uzman tavsiyeleri.,https://dryallekurutemizleme.com/blog/utu-hizmetleri/ev-utusu-vs-profesyonel-utu-hizmeti.html,H1: Ev Ütüsü vs Profesyonel Ütü Hizmeti | H2: Ev Ütüsü: Avantajlar ve Sınırlar | H2: Profesyonel Ütü Hizmeti: Üstün Kalite ve Uzman Bakım | H2: Kıyafet Türlerine Göre Ütü Seçimi | H2: Maliyet Karşılaş...,NO ALT ATTRIBUTES,NO ROBOTS META,YES (Priority: 0.7)
blog/utu-hizmetleri/index.html,https://dryallekurutemizleme.com/blog/utu-hizmetleri/,Blog Category,Ütü Hizmetleri Blog | İstanbul Anadolu Yakası Profesyonel Ütüleme Rehberleri,Ütü Hizmetleri Rehberleri,İstanbul Anadolu Yakası,https://dryallekurutemizleme.com/blog/utu-hizmetleri/,H1: Ütü Hizmetleri Rehberleri | H2: Ütü Hizmetleri Makaleleri | H2: İstanbul Anadolu Yakası Ütü Hizmetleri | H2: İlgili Blog Kategorileri | H3: Ev Ütüsü vs Profesyonel Ütü Hizmeti | H3: Yakında: Hassa...,1 images with alt,NO ROBOTS META,YES (Priority: 0.8)
bolgeler/acibadem-kuru-temizleme.html,https://dryallekurutemizleme.com/bolgeler/acibadem-kuru-temizleme.html,Local Landing,Acıbadem Kuru Temizleme | Dry Alle | Ücretsiz Kapıdan Teslimat,Acıbadem'de Kuru Temizleme,Acıbadem,https://dryallekurutemizleme.com/bolgeler/acibadem-kuru-temizleme.html,H1: Acıbadem'de Kuru Temizleme | H2: Acıbadem Kuru Temizleme Hizmeti | H2: Acıbadem'de Kuru Temizleme İhtiyacınız mı Var? | H2: Diğer Hizmetlerimiz | H3: Neden Bizi Tercih Ediyorlar? | H3: Hangi Kıyaf...,3 images with alt,NO ROBOTS META,YES (Priority: 0.95)
bolgeler/altunizade-hali-yikama.html,https://dryallekurutemizleme.com/bolgeler/altunizade-hali-yikama.html,Local Landing,Altunizade Halı Yıkama | Dry Alle | Lüks Halı Temizleme Uzmanı,Altunizade'de Lüks Halı Yıkama,Altunizade,https://dryallekurutemizleme.com/bolgeler/altunizade-hali-yikama.html,H1: Altunizade'de Lüks Halı Yıkama | H2: Altunizade Lüks Halı Yıkama Hizmeti | H2: Altunizade'de Lüks Halı Yıkama Uzmanı | H2: Diğer Lüks Bakım Hizmetlerimiz | H3: Lüks Halı Uzmanı | H3: Lüks Halı Kat...,4 images with alt,NO ROBOTS META,YES (Priority: 0.95)
bolgeler/altunizade-premium-temizlik.html,https://dryallekurutemizleme.com/bolgeler/altunizade-premium-temizlik.html,Local Landing,Altunizade Premium Temizlik | Dry Alle | High-End Cleaning Service,Altunizade'de Premium Temizlik,Altunizade,https://dryallekurutemizleme.com/bolgeler/altunizade-premium-temizlik.html,H1: Altunizade'de Premium Temizlik | H2: Altunizade Premium Temizlik Hizmeti | H2: Altunizade'de Premium Temizlik Uzmani | H2: Diger Premium Bakim Hizmetlerimiz | H3: Premium Service Uzmani | H3: Prem...,4 images with alt,NO ROBOTS META,NOT IN SITEMAP
bolgeler/atasehir-hali-yikama.html,https://dryallekurutemizleme.com/bolgeler/atasehir-hali-yikama.html,Local Landing,Ataşehir Halı Yıkama | Dry Alle | Business Halı Temizleme Uzmanı,Ataşehir'de Business Halı Yıkama,Ataşehir,https://dryallekurutemizleme.com/bolgeler/atasehir-hali-yikama.html,H1: Ataşehir'de Business Halı Yıkama | H2: Ataşehir Business Halı Yıkama Hizmeti | H2: Ataşehir'de Business Halı Yıkama Uzmanı | H2: Diğer Business Bakım Hizmetlerimiz | H3: Business Halı Uzmanı | H3:...,4 images with alt,NO ROBOTS META,YES (Priority: 0.95)
bolgeler/atasehir-premium-temizlik.html,https://dryallekurutemizleme.com/bolgeler/atasehir-premium-temizlik.html,Local Landing,Ataşehir Premium İş Kıyafetleri | Dry Alle | Business Center VIP Hizmet,Ataşehir'de Premium İş Kıyafetleri,Ataşehir,https://dryallekurutemizleme.com/bolgeler/atasehir-premium-temizlik.html,H1: Ataşehir'de Premium İş Kıyafetleri | H2: Ataşehir Premium İş Kıyafetleri Hizmeti | H2: Ataşehir'de Premium İş Kıyafetleri Uzmanı | H2: Diğer Business Hizmetlerimiz | H3: Premium İş Uzmanı | H3: Pr...,4 images with alt,NO ROBOTS META,YES (Priority: 0.90)
bolgeler/bagdat-caddesi-haute-couture.html,https://dryallekurutemizleme.com/bolgeler/bagdat-caddesi-haute-couture.html,Local Landing,Bağdat Caddesi Haute Couture Bakımı | Dry Alle | En Lüks Kıyafet Hizmeti,Bağdat Caddesi'nde Haute Couture Bakımı,Bağdat Caddesi,https://dryallekurutemizleme.com/bolgeler/bagdat-caddesi-haute-couture.html,H1: Bağdat Caddesi'nde Haute Couture Bakımı | H2: Bağdat Caddesi Haute Couture Bakımı Hizmeti | H2: Bağdat Caddesi'nde Haute Couture Bakımı Uzmanı | H2: Diğer Haute Couture Hizmetlerimiz | H3: Haute C...,4 images with alt,NO ROBOTS META,YES (Priority: 0.90)
bolgeler/bagdat-caddesi-koltuk-yikama.html,https://dryallekurutemizleme.com/bolgeler/bagdat-caddesi-koltuk-yikama.html,Local Landing,Bağdat Caddesi Koltuk Yıkama | Dry Alle | VIP Prestij Mobilya Temizleme,Bağdat Caddesi'nde VIP Prestij Mobilya Temizleme,Bağdat Caddesi,https://dryallekurutemizleme.com/bolgeler/bagdat-caddesi-koltuk-yikama.html,H1: Bağdat Caddesi'nde VIP Prestij Mobilya Temizleme | H2: Bağdat Caddesi VIP Prestij Mobilya Temizleme Hizmeti | H2: Bağdat Caddesi'nde VIP Prestij Mobilya Temizleme Uzmanı | H2: Diğer VIP Prestij Hi...,4 images with alt,NO ROBOTS META,YES (Priority: 0.95)
bolgeler/barbaros-koltuk-yikama.html,https://dryallekurutemizleme.com/bolgeler/barbaros-koltuk-yikama.html,Local Landing,Barbaros Koltuk Yıkama | Dry Alle | VIP Mobilya Bakımı,Barbaros'ta VIP Koltuk Yıkama,Barbaros,https://dryallekurutemizleme.com/bolgeler/barbaros-koltuk-yikama.html,H1: Barbaros'ta VIP Koltuk Yıkama | H2: Barbaros VIP Koltuk Yıkama Hizmeti | H2: Barbaros'ta VIP Koltuk Yıkama Uzmanı | H2: Diğer VIP Bakım Hizmetlerimiz | H3: VIP Mobilya Uzmanı | H3: VIP Mobilya Kat...,4 images with alt,NO ROBOTS META,YES (Priority: 0.95)
bolgeler/bostanci-koltuk-yikama.html,https://dryallekurutemizleme.com/bolgeler/bostanci-koltuk-yikama.html,Local Landing,Bostancı Koltuk Yıkama | Dry Alle | Lüks Mobilya Temizleme,Bostancı'da Premium Koltuk Yıkama,Bostancı,https://dryallekurutemizleme.com/bolgeler/bostanci-koltuk-yikama.html,H1: Bostancı'da Premium Koltuk Yıkama | H2: Bostancı Koltuk Yıkama Hizmeti | H2: Bostancı'da Premium Koltuk Yıkama | H2: Diğer Premium Hizmetlerimiz | H3: Elit Mobilya Özel Hizmet | H3: Hangi Koltuk T...,4 images with alt,NO ROBOTS META,YES (Priority: 0.95)
bolgeler/caddebostan-hali-yikama.html,https://dryallekurutemizleme.com/bolgeler/caddebostan-hali-yikama.html,Local Landing,Caddebostan Halı Yıkama | Dry Alle | Lüks Halı Temizleme,Caddebostan'da Halı Yıkama,Caddebostan,https://dryallekurutemizleme.com/bolgeler/caddebostan-hali-yikama.html,H1: Caddebostan'da Halı Yıkama | H2: Caddebostan Halı Yıkama Hizmeti | H2: Caddebostan'da Premium Halı Yıkama | H2: Diğer Premium Hizmetlerimiz | H3: Premium Hizmet Özellikleri | H3: Özel Halı Kategor...,4 images with alt,NO ROBOTS META,YES (Priority: 0.95)
bolgeler/camlica-kuru-temizleme.html,https://dryallekurutemizleme.com/bolgeler/camlica-kuru-temizleme.html,Local Landing,Çamlıca Kuru Temizleme | Dry Alle | Elite Kıyafet Bakımı,Çamlıca'da Elite Kuru Temizleme,Çamlıca,https://dryallekurutemizleme.com/bolgeler/camlica-kuru-temizleme.html,H1: Çamlıca'da Elite Kuru Temizleme | H2: Çamlıca Elite Kuru Temizleme Hizmeti | H2: Çamlıca'da VIP Kuru Temizleme | H2: Diğer VIP Hizmetlerimiz | H3: VIP Hizmet Özellikleri | H3: Elite Kıyafet Katego...,4 images with alt,NO ROBOTS META,YES (Priority: 0.95)
bolgeler/erenkoy-hali-yikama.html,https://dryallekurutemizleme.com/bolgeler/erenkoy-hali-yikama.html,Local Landing,Erenköy Halı Yıkama | Dry Alle | Antik Halı Temizleme Uzmanı,Erenköy'de Antik Halı Yıkama,Erenköy,https://dryallekurutemizleme.com/bolgeler/erenkoy-hali-yikama.html,H1: Erenköy'de Antik Halı Yıkama | H2: Erenköy Antik Halı Yıkama Hizmeti | H2: Erenköy'de Antik Halı Yıkama Uzmanı | H2: Diğer Antik Bakım Hizmetlerimiz | H3: Antik Halı Uzmanı | H3: Antik Halı Katego...,4 images with alt,NO ROBOTS META,YES (Priority: 0.95)
bolgeler/fenerbahce-kuru-temizleme.html,https://dryallekurutemizleme.com/bolgeler/fenerbahce-kuru-temizleme.html,Local Landing,Fenerbahçe Kuru Temizleme | Dry Alle | Premium Kıyafet Bakımı,Fenerbahçe'de Kuru Temizleme,Fenerbahçe,https://dryallekurutemizleme.com/bolgeler/fenerbahce-kuru-temizleme.html,H1: Fenerbahçe'de Kuru Temizleme | H2: Fenerbahçe Kuru Temizleme Hizmeti | H2: Fenerbahçe'de Kuru Temizleme İhtiyacınız mı Var? | H2: Diğer Hizmetlerimiz | H3: Fenerbahçe Özel Hizmetler | H3: Hangi Kı...,4 images with alt,NO ROBOTS META,YES (Priority: 0.95)
bolgeler/fikirtepe-koltuk-yikama.html,https://dryallekurutemizleme.com/bolgeler/fikirtepe-koltuk-yikama.html,Local Landing,Fikirtepe Koltuk Yıkama | Dry Alle | Modern Mobilya Temizliği,Fikirtepe'de Modern Koltuk Temizliği,Fikirtepe,https://dryallekurutemizleme.com/bolgeler/fikirtepe-koltuk-yikama.html,H1: Fikirtepe'de Modern Koltuk Temizliği | H2: Fikirtepe Modern Koltuk Yıkama Hizmeti | H2: Fikirtepe'de Modern Koltuk Yıkama Uzmanı | H2: Diğer Modern Bakım Hizmetlerimiz | H3: Modern Teknoloji Uzman...,4 images with alt,NO ROBOTS META,YES (Priority: 0.95)
bolgeler/goztepe-hali-yikama.html,https://dryallekurutemizleme.com/bolgeler/goztepe-hali-yikama.html,Local Landing,Göztepe Halı Yıkama | Dry Alle | Lüks Halı Bakımı,Göztepe'de Lüks Halı Bakımı,Göztepe,https://dryallekurutemizleme.com/bolgeler/goztepe-hali-yikama.html,H1: Göztepe'de Lüks Halı Bakımı | H2: Göztepe Lüks Halı Yıkama Hizmeti | H2: Göztepe'de Lüks Halı Yıkama Uzmanı | H2: Diğer Lüks Bakım Hizmetlerimiz | H3: Lüks Halı Uzmanı | H3: Lüks Halı Kategorileri...,4 images with alt,NO ROBOTS META,YES (Priority: 0.95)
bolgeler/icerenkoy-hali-yikama.html,https://dryallekurutemizleme.com/bolgeler/icerenkoy-hali-yikama.html,Local Landing,İçerenköy Contemporary Art Halı Collection | Premium Gallery-Quality Cleaning | Dry Alle Luxury Serv...,İçerenköy Contemporary Art Collection Restoration,İçerenköy,https://dryallekurutemizleme.com/bolgeler/icerenkoy-hali-yikama.html,H1: İçerenköy Contemporary Art Collection Restoration | H2: İçerenköy Premium Halı Yıkama Hizmeti | H2: İçerenköy Contemporary Art Collection Authority | H2: Diğer Premium Bakım Hizmetlerimiz | H3: Co...,4 images with alt,NO ROBOTS META,NOT IN SITEMAP
bolgeler/kadikoy-koltuk-yikama.html,https://dryallekurutemizleme.com/bolgeler/kadikoy-koltuk-yikama.html,Local Landing,Kadıköy Koltuk Yıkama | Dry Alle | Sanat Mobilya Temizleme Uzmanı,Kadıköy'de Sanat Mobilya Temizleme,Kadıköy,https://dryallekurutemizleme.com/bolgeler/kadikoy-koltuk-yikama.html,H1: Kadıköy'de Sanat Mobilya Temizleme | H2: Kadıköy Sanat Mobilya Temizleme Hizmeti | H2: Kadıköy'de Sanat Mobilya Temizleme Uzmanı | H2: Diğer Sanatsal Bakım Hizmetlerimiz | H3: Sanat Mobilya Uzmanı...,4 images with alt,NO ROBOTS META,YES (Priority: 0.95)
bolgeler/kadikoy-kuru-temizleme.html,https://dryallekurutemizleme.com/bolgeler/kadikoy-kuru-temizleme.html,Local Landing,Kadıköy Kuru Temizleme | Dry Alle | Premium Merkezi Lokasyon Hizmeti,Kadıköy'de Premium Kuru Temizleme,Kadıköy,https://dryallekurutemizleme.com/bolgeler/kadikoy-kuru-temizleme.html,H1: Kadıköy'de Premium Kuru Temizleme | H2: Kadıköy Premium Kuru Temizleme Hizmeti | H2: Kadıköy'de Premium Kuru Temizleme Uzmanı | H2: Diğer Premium Hizmetlerimiz | H3: Premium Merkezi Hizmet | H3: P...,4 images with alt,NO ROBOTS META,YES (Priority: 0.95)
bolgeler/kadikoy-luxury-kiyafet.html,https://dryallekurutemizleme.com/bolgeler/kadikoy-luxury-kiyafet.html,Local Landing,Kadıköy Luxury Kıyafet Bakımı | Dry Alle | Designer Kıyafet Temizleme,Kadıköy'de Luxury Kıyafet Bakımı,Kadıköy,https://dryallekurutemizleme.com/bolgeler/kadikoy-luxury-kiyafet.html,H1: Kadıköy'de Luxury Kıyafet Bakımı | H2: Kadıköy Luxury Kıyafet Bakımı Hizmeti | H2: Kadıköy'de Luxury Kıyafet Bakımı Uzmanı | H2: Diğer Luxury Bakım Hizmetlerimiz | H3: Luxury Kıyafet Uzmanı | H3: ...,4 images with alt,NO ROBOTS META,YES (Priority: 0.90)
bolgeler/kalamis-koltuk-yikama.html,https://dryallekurutemizleme.com/bolgeler/kalamis-koltuk-yikama.html,Local Landing,Kalamış Koltuk Yıkama | Dry Alle | Evinizde Profesyonel Hizmet,Kalamış'ta Koltuk Yıkama,Kalamış,https://dryallekurutemizleme.com/bolgeler/kalamis-koltuk-yikama.html,H1: Kalamış'ta Koltuk Yıkama | H2: Kalamış Koltuk Yıkama Hizmeti | H2: Kalamış'ta Koltuk Yıkama İhtiyacınız mı Var? | H2: Diğer Hizmetlerimiz | H3: Hizmet Özelliklerimiz | H3: Hangi Koltuk Türlerini T...,4 images with alt,NO ROBOTS META,YES (Priority: 0.95)
bolgeler/kartal-koltuk-yikama.html,https://dryallekurutemizleme.com/bolgeler/kartal-koltuk-yikama.html,Local Landing,Kartal Koltuk Yıkama | Dry Alle | Premium Kalite Mobilya Temizleme,Kartal'da Premium Kalite Mobilya Temizleme,Kartal,https://dryallekurutemizleme.com/bolgeler/kartal-koltuk-yikama.html,H1: Kartal'da Premium Kalite Mobilya Temizleme | H2: Kartal Premium Kalite Mobilya Temizleme Hizmeti | H2: Kartal'da Premium Kalite Mobilya Temizleme Uzmanı | H2: Diğer Premium Kalite Hizmetlerimiz | ...,4 images with alt,NO ROBOTS META,YES (Priority: 0.95)
bolgeler/kozyatagi-kuru-temizleme.html,https://dryallekurutemizleme.com/bolgeler/kozyatagi-kuru-temizleme.html,Local Landing,Kozyatağı Kuru Temizleme | Dry Alle | Modern Kıyafet Bakımı,Kozyatağı'da Kuru Temizleme,Kozyatağı,https://dryallekurutemizleme.com/bolgeler/kozyatagi-kuru-temizleme.html,H1: Kozyatağı'da Kuru Temizleme | H2: Kozyatağı Kuru Temizleme Hizmeti | H2: Kozyatağı'da İş Hayatı Çözümleri | H2: Diğer Hizmetlerimiz | H3: İş Hayatına Özel Çözümler | H3: İş Hayatı Kıyafetleri | H3...,4 images with alt,NO ROBOTS META,YES (Priority: 0.95)
bolgeler/kucukbakkalkoy-hali-yikama.html,https://dryallekurutemizleme.com/bolgeler/kucukbakkalkoy-hali-yikama.html,Local Landing,Küçükbakkalköy Halı Yıkama | Dry Alle | Modern Halı Temizleme Uzmanı,Küçükbakkalköy'de Modern Halı Yıkama,Küçükbakkalköy,https://dryallekurutemizleme.com/bolgeler/kucukbakkalkoy-hali-yikama.html,H1: Küçükbakkalköy'de Modern Halı Yıkama | H2: Küçükbakkalköy Modern Halı Yıkama Hizmeti | H2: Küçükbakkalköy'de Modern Halı Yıkama Uzmanı | H2: Diğer Modern Bakım Hizmetlerimiz | H3: Modern Halı Uzma...,4 images with alt,NO ROBOTS META,NOT IN SITEMAP
bolgeler/kucukbakkalkoy-koltuk-yikama.html,https://dryallekurutemizleme.com/bolgeler/kucukbakkalkoy-koltuk-yikama.html,Local Landing,Kucukbakkalkoy Koltuk Yikama | Dry Alle | Furniture Care Specialist,Kucukbakkalkoy'de Koltuk Yikama,Kucukbakkalkoy,https://dryallekurutemizleme.com/bolgeler/kucukbakkalkoy-koltuk-yikama.html,H1: Kucukbakkalkoy'de Koltuk Yikama | H2: Kucukbakkalkoy Koltuk Yikama Hizmeti | H2: Kucukbakkalkoy'de Koltuk Yikama Uzmani | H2: Diger Mobilya Bakim Hizmetlerimiz | H3: Furniture Care Specialist | H3...,4 images with alt,NO ROBOTS META,NOT IN SITEMAP
bolgeler/maltepe-hali-yikama.html,https://dryallekurutemizleme.com/bolgeler/maltepe-hali-yikama.html,Local Landing,Maltepe Halı Yıkama | Dry Alle | Marina Halı Temizleme Uzmanı,Maltepe'de Marina Halı Yıkama,Maltepe,https://dryallekurutemizleme.com/bolgeler/maltepe-hali-yikama.html,H1: Maltepe'de Marina Halı Yıkama | H2: Maltepe Marina Halı Yıkama Hizmeti | H2: Maltepe'de Marina Halı Yıkama Uzmanı | H2: Diğer Marina Bakım Hizmetlerimiz | H3: Marina Halı Uzmanı | H3: Marina Halı ...,4 images with alt,NO ROBOTS META,YES (Priority: 0.95)
bolgeler/maltepe-luxury-hizmet.html,https://dryallekurutemizleme.com/bolgeler/maltepe-luxury-hizmet.html,Local Landing,Maltepe Luxury Hizmet | Dry Alle | Luxury Care Excellence,Maltepe'de Luxury Hizmet,Maltepe,https://dryallekurutemizleme.com/bolgeler/maltepe-luxury-hizmet.html,H1: Maltepe'de Luxury Hizmet | H2: Maltepe Luxury Hizmet | H2: Maltepe'de Luxury Hizmet Uzmani | H2: Diger Luxury Bakim Hizmetlerimiz | H3: Luxury Care Excellence | H3: Luxury Care Kategorileri | H3: ...,4 images with alt,NO ROBOTS META,NOT IN SITEMAP
bolgeler/moda-koltuk-yikama.html,https://dryallekurutemizleme.com/bolgeler/moda-koltuk-yikama.html,Local Landing,Moda Koltuk Yıkama | Dry Alle | Chic Mobilya Temizleme Uzmanı,Moda'da Chic Mobilya Temizleme,Moda,https://dryallekurutemizleme.com/bolgeler/moda-koltuk-yikama.html,H1: Moda'da Chic Mobilya Temizleme | H2: Moda Chic Mobilya Temizleme Hizmeti | H2: Moda'da Chic Mobilya Temizleme Uzmanı | H2: Diğer Chic Bakım Hizmetlerimiz | H3: Chic Mobilya Uzmanı | H3: Chic Mobil...,4 images with alt,NO ROBOTS META,YES (Priority: 0.95)
bolgeler/pendik-koltuk-yikama.html,https://dryallekurutemizleme.com/bolgeler/pendik-koltuk-yikama.html,Local Landing,Pendik Koltuk Yıkama | Dry Alle | Marina Sahil Mobilya Temizleme,Pendik'te Marina Sahil Mobilya Temizleme,Pendik,https://dryallekurutemizleme.com/bolgeler/pendik-koltuk-yikama.html,H1: Pendik'te Marina Sahil Mobilya Temizleme | H2: Pendik Marina Sahil Mobilya Temizleme Hizmeti | H2: Pendik'te Marina Sahil Mobilya Temizleme Uzmanı | H2: Diğer Marina Sahil Hizmetlerimiz | H3: Mari...,4 images with alt,NO ROBOTS META,YES (Priority: 0.95)
bolgeler/sahrayicedit-premium-bakim.html,https://dryallekurutemizleme.com/bolgeler/sahrayicedit-premium-bakim.html,Local Landing,Sahrayicedit Premium Bakim | Dry Alle | Premium Care Excellence,Sahrayicedit'de Premium Bakim,Sahrayicedit,https://dryallekurutemizleme.com/bolgeler/sahrayicedit-premium-bakim.html,H1: Sahrayicedit'de Premium Bakim | H2: Sahrayicedit Premium Bakim Hizmeti | H2: Sahrayicedit'de Premium Bakim Uzmani | H2: Diger Premium Bakim Hizmetlerimiz | H3: Premium Care Excellence | H3: Premiu...,4 images with alt,NO ROBOTS META,NOT IN SITEMAP
bolgeler/suadiye-hali-yikama.html,https://dryallekurutemizleme.com/bolgeler/suadiye-hali-yikama.html,Local Landing,Suadiye Halı Yıkama | Dry Alle | Ücretsiz Kapıdan Teslimat,Suadiye'de Halı Yıkama,Suadiye,https://dryallekurutemizleme.com/bolgeler/suadiye-hali-yikama.html,H1: Suadiye'de Halı Yıkama | H2: Suadiye Halı Yıkama Hizmeti | H2: Suadiye'de Halı Yıkama İhtiyacınız mı Var? | H2: Diğer Hizmetlerimiz | H3: Hizmet Özelliklerimiz | H3: Hangi Halı Türlerini Yıkıyoruz...,4 images with alt,NO ROBOTS META,YES (Priority: 0.95)
bolgeler/umraniye-hali-yikama.html,https://dryallekurutemizleme.com/bolgeler/umraniye-hali-yikama.html,Local Landing,Ümraniye Halı Yıkama | Dry Alle | VIP Halı Temizleme Uzmanı,Ümraniye'de VIP Halı Yıkama,Ümraniye,https://dryallekurutemizleme.com/bolgeler/umraniye-hali-yikama.html,H1: Ümraniye'de VIP Halı Yıkama | H2: Ümraniye VIP Halı Yıkama Hizmeti | H2: Ümraniye'de VIP Halı Yıkama Uzmanı | H2: Diğer VIP Bakım Hizmetlerimiz | H3: VIP Halı Uzmanı | H3: VIP Halı Kategorileri | ...,4 images with alt,NO ROBOTS META,YES (Priority: 0.95)
bolgeler/umraniye-vip-temizlik.html,https://dryallekurutemizleme.com/bolgeler/umraniye-vip-temizlik.html,Local Landing,Umraniye VIP Temizlik | Dry Alle | VIP Service Excellence,Umraniye'de VIP Temizlik,Umraniye,https://dryallekurutemizleme.com/bolgeler/umraniye-vip-temizlik.html,H1: Umraniye'de VIP Temizlik | H2: Umraniye VIP Temizlik Hizmeti | H2: Umraniye'de VIP Temizlik Uzmani | H2: Diger VIP Bakim Hizmetlerimiz | H3: VIP Service Excellence | H3: VIP Hizmet Kategorileri | ...,4 images with alt,NO ROBOTS META,NOT IN SITEMAP
bolgeler/uskudar-gelinlik-temizleme.html,https://dryallekurutemizleme.com/bolgeler/uskudar-gelinlik-temizleme.html,Local Landing,Üsküdar Gelinlik Temizleme | Dry Alle | Özel Günler Hassas Bakım,Üsküdar'da Gelinlik Temizleme,Üsküdar,https://dryallekurutemizleme.com/bolgeler/uskudar-gelinlik-temizleme.html,H1: Üsküdar'da Gelinlik Temizleme | H2: Üsküdar Gelinlik Temizleme Hizmeti | H2: Üsküdar'da Gelinlik Temizleme Uzmanı | H2: Diğer Özel Gün Hizmetlerimiz | H3: Gelinlik Uzmanı | H3: Gelinlik Kategorile...,4 images with alt,NO ROBOTS META,YES (Priority: 0.90)
bolgeler/uskudar-hali-yikama.html,https://dryallekurutemizleme.com/bolgeler/uskudar-hali-yikama.html,Local Landing,Üsküdar Halı Yıkama | Dry Alle | Tarihi Halı Temizleme Uzmanı,Üsküdar'da Tarihi Halı Yıkama,Üsküdar,https://dryallekurutemizleme.com/bolgeler/uskudar-hali-yikama.html,H1: Üsküdar'da Tarihi Halı Yıkama | H2: Üsküdar Tarihi Halı Yıkama Hizmeti | H2: Üsküdar'da Tarihi Halı Yıkama Uzmanı | H2: Diğer Tarihi Bakım Hizmetlerimiz | H3: Tarihi Halı Uzmanı | H3: Tarihi Halı ...,4 images with alt,NO ROBOTS META,YES (Priority: 0.95)
bolgeler/uskudar-koltuk-yikama.html,https://dryallekurutemizleme.com/bolgeler/uskudar-koltuk-yikama.html,Local Landing,Üsküdar Koltuk Yıkama | Dry Alle | Antik Mobilya Temizleme Uzmanı,Üsküdar'da Antik Mobilya Temizleme,Üsküdar,https://dryallekurutemizleme.com/bolgeler/uskudar-koltuk-yikama.html,H1: Üsküdar'da Antik Mobilya Temizleme | H2: Üsküdar Antik Mobilya Temizleme Hizmeti | H2: Üsküdar'da Antik Mobilya Temizleme Uzmanı | H2: Diğer Tarihi Bakım Hizmetlerimiz | H3: Antik Mobilya Uzmanı |...,4 images with alt,NO ROBOTS META,YES (Priority: 0.95)
bolgeler/uskudar-luxury-kiyafet.html,https://dryallekurutemizleme.com/bolgeler/uskudar-luxury-kiyafet.html,Local Landing,Uskudar Luxury Kiyafet Bakimi | Dry Alle | Designer Clothing Care,Uskudar'da Luxury Kiyafet Bakimi,Uskudar,https://dryallekurutemizleme.com/bolgeler/uskudar-luxury-kiyafet.html,H1: Uskudar'da Luxury Kiyafet Bakimi | H2: Uskudar Luxury Kiyafet Bakimi Hizmeti | H2: Uskudar'da Luxury Kiyafet Bakimi Uzmani | H2: Diger Luxury Bakim Hizmetlerimiz | H3: Luxury Kiyafet Uzmani | H3: ...,4 images with alt,NO ROBOTS META,NOT IN SITEMAP
hizmetler/canta-temizleme.html,https://dryallekurutemizleme.com/hizmetler/canta-temizleme.html,Service Page,Çanta Temizleme İstanbul Acıbadem Suadiye | Dry Alle Kuru Temizleme,Çanta Temizleme İstanbul,İstanbul,https://dryallekurutemizleme.com/hizmetler/canta-temizleme.html,H1: Çanta Temizleme İstanbul | H2: Çanta Temizleme Hizmeti | H2: Çantalarınız İlk Günkü Gibi Temiz Olsun | H2: Diğer Hizmetlerimiz | H3: Hangi Çanta Türlerini Temizliyoruz? | H3: Çanta Temizleme Sürec...,4 images with alt,NO ROBOTS META,YES (Priority: 0.8)
hizmetler/ev-tekstili-temizligi.html,https://dryallekurutemizleme.com/hizmetler/ev-tekstili-temizligi.html,Service Page,Ev Tekstili Temizliği İstanbul Acıbadem Suadiye | Dry Alle Kuru Temizleme,Ev Tekstili Temizliği İstanbul,İstanbul,https://dryallekurutemizleme.com/hizmetler/ev-tekstili-temizligi.html,H1: Ev Tekstili Temizliği İstanbul | H2: Ev Tekstili Temizliği Hizmeti | H2: İstanbul'un Elite Semtlerinde Ev Tekstili Temizliği | H2: Diğer Hizmetlerimiz | H3: Hangi Ev Tekstillerini Temizliyoruz? | ...,4 images with alt,NO ROBOTS META,YES (Priority: 0.8)
hizmetler/hali-yikama.html,https://dryallekurutemizleme.com/hizmetler/hali-yikama.html,Service Page,Halı Yıkama Hizmeti İstanbul Kadıköy Ataşehir | Dry Alle Kuru Temizleme,Profesyonel Halı Yıkama Hizmeti,İstanbul Kadıköy ve Ataşehir,https://dryallekurutemizleme.com/hizmetler/hali-yikama.html,H1: Profesyonel Halı Yıkama Hizmeti | H2: Halı Yıkama Nedir? | H2: Halılarınızı Profesyonel Ellere Bırakın | H2: Diğer Hizmetlerimiz | H3: Hangi Halı Türleri Yıkanabilir? | H3: Halı Yıkama Süreci | H3...,4 images with alt,NO ROBOTS META,YES (Priority: 0.9)
hizmetler/koltuk-yikama.html,https://dryallekurutemizleme.com/hizmetler/koltuk-yikama.html,Service Page,Koltuk Yıkama Hizmeti İstanbul Kadıköy Ataşehir | Dry Alle Kuru Temizleme,İstanbul Anadolu Yakası Koltuk Yıkama Hizmeti,İstanbul Kadıköy ve Ataşehir,https://dryallekurutemizleme.com/hizmetler/koltuk-yikama.html,H1: İstanbul Anadolu Yakası Koltuk Yıkama Hizmeti | H2: Kadıköy Ataşehir Koltuk Yıkama Hizmeti | H2: İstanbul Anadolu Yakası'nın En İyi Koltuk Yıkama Hizmeti | H2: Diğer Hizmetlerimiz | H3: Hangi Kolt...,4 images with alt,NO ROBOTS META,YES (Priority: 0.9)
hizmetler/kumas-deri-boyama.html,https://dryallekurutemizleme.com/hizmetler/kumas-deri-boyama.html,Service Page,Kumaş ve Deri Boyama İstanbul Acıbadem Suadiye | Dry Alle Kuru Temizleme,Kumaş ve Deri Boyama İstanbul,İstanbul,https://dryallekurutemizleme.com/hizmetler/kumas-deri-boyama.html,H1: Kumaş ve Deri Boyama İstanbul | H2: Kumaş ve Deri Boyama Hizmeti | H2: Solmuş Kıyafetlerinize Yeni Hayat Verin | H2: Diğer Hizmetlerimiz | H3: Hangi Ürünleri Boyayabiliriz? | H3: Boyama Süreci | H...,4 images with alt,NO ROBOTS META,YES (Priority: 0.8)
hizmetler/kuru-temizleme.html,https://dryallekurutemizleme.com/hizmetler/kuru-temizleme.html,Service Page,Kuru Temizleme Hizmeti İstanbul Kadıköy Ataşehir | Dry Alle Kuru Temizleme,Profesyonel Kuru Temizleme Hizmeti,İstanbul Kadıköy ve Ataşehir,https://dryallekurutemizleme.com/hizmetler/kuru-temizleme.html,H1: Profesyonel Kuru Temizleme Hizmeti | H2: Kuru Temizleme Nedir? | H2: Kuru Temizleme Fiyatları | H2: Kıyafetlerinizi Profesyonel Ellere Bırakın | H2: Diğer Hizmetlerimiz | H3: Hangi Kıyafetler Kuru...,4 images with alt,NO ROBOTS META,YES (Priority: 0.9)
hizmetler/lostra-hizmeti.html,https://dryallekurutemizleme.com/hizmetler/lostra-hizmeti.html,Service Page,Lostra Hizmeti İstanbul Acıbadem Suadiye | Dry Alle Kuru Temizleme,Lostra Hizmeti İstanbul,İstanbul,https://dryallekurutemizleme.com/hizmetler/lostra-hizmeti.html,H1: Lostra Hizmeti İstanbul | H2: Profesyonel Lostra Hizmeti | H2: Ayakkabılarınız İlk Günkü Gibi Parlasın | H2: Diğer Hizmetlerimiz | H3: Hangi Ürünlere Lostra Yapıyoruz? | H3: Lostra Hizmet Süreci |...,4 images with alt,NO ROBOTS META,YES (Priority: 0.8)
hizmetler/perde-temizleme.html,https://dryallekurutemizleme.com/hizmetler/perde-temizleme.html,Service Page,Perde Temizleme İstanbul Acıbadem Suadiye | Dry Alle Kuru Temizleme,Perde Temizleme İstanbul,İstanbul,https://dryallekurutemizleme.com/hizmetler/perde-temizleme.html,H1: Perde Temizleme İstanbul | H2: Perde Temizleme Hizmeti | H2: Perdeleriniz İlk Günkü Gibi Temiz Olsun | H2: Diğer Hizmetlerimiz | H3: Hangi Perde Türlerini Temizliyoruz? | H3: Perde Temizleme Sürec...,4 images with alt,NO ROBOTS META,YES (Priority: 0.8)
hizmetler/utu-hizmetleri.html,https://dryallekurutemizleme.com/hizmetler/utu-hizmetleri.html,Service Page,Ütü Hizmetleri İstanbul Acıbadem Suadiye | Dry Alle Kuru Temizleme,Ütü Hizmetleri İstanbul,İstanbul,https://dryallekurutemizleme.com/hizmetler/utu-hizmetleri.html,H1: Ütü Hizmetleri İstanbul | H2: Profesyonel Ütü Hizmeti | H2: Kıyafetleriniz Her Zaman Kusursuz Olsun | H2: Diğer Hizmetlerimiz | H3: Hangi Kıyafetleri Ütülüyoruz? | H3: Ütü Hizmet Süreci | H3: Nede...,4 images with alt,NO ROBOTS META,YES (Priority: 0.8)
index.html,https://dryallekurutemizleme.com/,Homepage,Kuru Temizleme Halı Yıkama Koltuk Yıkama İstanbul Kadıköy Ataşehir | Dry Alle,"KADIKÖY ATAŞEHIR
                    KURU TEMİZLEME
                    HALI KOLTUK YIKAMA",İstanbul,https://dryallekurutemizleme.com/,"H1: KADIKÖY ATAŞEHIR
                    KURU TEMİZLEME
                    HALI KOLTUK YIKAMA | H2: En Popüler Hizmetlerimiz | H2: Tekstil Bakım Rehberi | H2: Hakkımızda | H3: Hemen Randevu Alın | H3...",11 images with alt,"index, follow, max-image-preview:large, max-snippet:-1, max-video-preview:-1",YES (Priority: 1.0)
