Month,Week,Category,Article Title,Primary Keyword,Secondary Keywords,Target District,Internal Link Targets,Content Type,Estimated Traffic,Publication Date,Author Persona,Word Count
January,1,Bilgilendirici,Gelinlik Temizliği İçin Doğru Yöntemler ve Püf Noktaları,gelinlik temizliği,"gelinlik temizleme, gelinlik bakımı, düğün hazırlığı",Istanbul,"/hizmetler/gelinlik-temizleme.html, /bolgeler/kadikoy/",How-to Guide,500-800,2025-01-15,Textile Expert,1200
January,2,Yerel Odaklı,Kadıköy'de En Güvenilir Kuru Temizleme Hizmetleri,kadıköy kuru temizleme,"kadıköy temizleme, kuru temizleme kadıköy",Kadıköy,"/bolgeler/kadikoy/, /hizmetler/kuru-temizleme.html",Local Guide,800-1200,2025-01-22,Local Expert,1000
January,3,Karşılaştırmalı,Evde Halı Yıkama mı Profesyonel Halı Yıkama mı?,halı yıkama karşılaştırma,"evde halı yıkama, profesyonel halı yıkama",Istanbul,"/hizmetler/hali-yikama.html, /blog/hali-bakimi/",Comparison,1000-1500,2025-01-29,Home Care Expert,1500
January,4,Bilgilendirici,Lüks Kumaşların Bakım Rehberi: İpek ve Kaşmir,lüks kumaş bakımı,"ipek bakımı, kaşmir temizleme, lüks tekstil",Istanbul,"/hizmetler/kuru-temizleme.html, /hizmetler/kumas-deri-boyama.html",Expert Guide,600-900,2025-02-05,Textile Expert,1300
February,1,Yerel Odaklı,Ataşehir'de Koltuk Yıkama: Mahalle Mahalle Hizmet Rehberi,ataşehir koltuk yıkama,"koltuk yıkama ataşehir, mobilya temizliği ataşehir",Ataşehir,"/bolgeler/atasehir/, /hizmetler/koltuk-yikama.html",Local Guide,700-1000,2025-02-12,Local Expert,1100
February,2,Bilgilendirici,Deri Ürünlerin Temizliği ve Bakımı: Profesyonel İpuçları,deri temizliği,"deri bakımı, çanta temizleme, ayakkabı bakımı",Istanbul,"/hizmetler/canta-temizleme.html, /hizmetler/lostra-hizmeti.html",How-to Guide,500-700,2025-02-19,Leather Expert,1200
February,3,Karşılaştırmalı,Perde Temizleme: Evde Yıkama vs Profesyonel Servis,perde temizleme karşılaştırma,"perde yıkama, ev tekstili temizliği",Istanbul,"/hizmetler/perde-temizleme.html, /hizmetler/ev-tekstili-temizligi.html",Comparison,800-1200,2025-02-26,Home Care Expert,1400
February,4,Yerel Odaklı,Maltepe'de Tekstil Bakım Hizmetleri: Kapsamlı Rehber,maltepe tekstil hizmetleri,"maltepe temizleme, maltepe kuru temizleme",Maltepe,"/bolgeler/maltepe/, /hizmetler/",Local Guide,600-900,2025-03-05,Local Expert,1000
March,1,Bilgilendirici,Abiye ve Kokteyl Elbise Temizliği: Özel Günler İçin Rehber,abiye temizliği,"abiye temizleme, kokteyl elbise bakımı, özel gün hazırlığı",Istanbul,"/hizmetler/abiye-temizleme.html, /hizmetler/gelinlik-temizleme.html",How-to Guide,400-600,2025-03-12,Special Events Expert,1100
March,2,Karşılaştırmalı,Kimyasal vs Ekolojik Kuru Temizleme: Hangisi Daha İyi?,ekolojik kuru temizleme,"çevreci temizleme, kimyasal temizleme, yeşil temizlik",Istanbul,"/hizmetler/kuru-temizleme.html, /blog/cevre-dostu-temizlik/",Comparison,700-1000,2025-03-19,Environmental Expert,1300
March,3,Yerel Odaklı,Kadıköy Moda'da Lüks Tekstil Bakım Hizmetleri,moda lüks tekstil,"moda temizleme, lüks kumaş kadıköy",Kadıköy,"/bolgeler/kadikoy/moda-kuru-temizleme.html, /hizmetler/",Local Guide,500-800,2025-03-26,Luxury Expert,1000
March,4,Bilgilendirici,Kumaş Boyama ve Renk Yenileme: Ne Zaman Gerekir?,kumaş boyama,"kumaş boyama, renk yenileme, tekstil restorasyonu",Istanbul,"/hizmetler/kumas-deri-boyama.html, /blog/tekstil-bakimi/",How-to Guide,600-900,2025-04-02,Restoration Expert,1200
April,1,Yerel Odaklı,Ataşehir Kozyatağı'nda Halı Yıkama Hizmetleri,kozyatağı halı yıkama,"halı yıkama kozyatağı, ataşehir halı temizliği",Ataşehir,"/bolgeler/atasehir/kozyatagi-hali-yikama.html, /hizmetler/hali-yikama.html",Local Guide,600-900,2025-04-09,Local Expert,1000
April,2,Bilgilendirici,İlkbahar Temizliği: Ev Tekstilleri Nasıl Yenilenir?,ilkbahar tekstil temizliği,"ev tekstili temizliği, mevsimlik temizlik, ilkbahar bakımı",Istanbul,"/hizmetler/ev-tekstili-temizligi.html, /hizmetler/perde-temizleme.html",Seasonal Guide,800-1200,2025-04-16,Home Care Expert,1100
April,3,Karşılaştırmalı,Manuel vs Makine Halı Yıkama: Hangisi Daha Etkili?,halı yıkama karşılaştırma,"manuel halı yıkama, makine halı yıkama",Istanbul,"/hizmetler/hali-yikama.html, /blog/hali-bakimi/",Comparison,700-1000,2025-04-23,Technical Expert,1400
April,4,Yerel Odaklı,Bostancı'da Güvenilir Kuru Temizleme Hizmetleri,bostancı kuru temizleme,"kuru temizleme bostancı, kadıköy bostancı temizleme",Kadıköy,"/bolgeler/kadikoy/bostanci-kuru-temizleme.html, /hizmetler/kuru-temizleme.html",Local Guide,500-700,2025-04-30,Local Expert,950
May,1,Bilgilendirici,Düğün Sezonu Hazırlığı: Gelinlik ve Takım Elbise Bakımı,düğün hazırlığı tekstil,"gelinlik bakımı, takım elbise temizliği, düğün hazırlığı",Istanbul,"/hizmetler/gelinlik-temizleme.html, /hizmetler/kuru-temizleme.html",Event Guide,900-1300,2025-05-07,Wedding Expert,1300
May,2,Yerel Odaklı,Acıbadem'de Profesyonel Koltuk Yıkama Hizmetleri,acıbadem koltuk yıkama,"koltuk yıkama acıbadem, kadıköy koltuk temizliği",Kadıköy,"/bolgeler/kadikoy/acibadem-koltuk-yikama.html, /hizmetler/koltuk-yikama.html",Local Guide,600-900,2025-05-14,Local Expert,1000
May,3,Bilgilendirici,Yaz Aylarında Tekstil Bakımı: Koruma ve Saklama,yaz tekstil bakımı,"tekstil saklama, yaz bakımı, kumaş koruma",Istanbul,"/hizmetler/, /blog/mevsimlik-bakim/",Seasonal Guide,500-800,2025-05-21,Home Care Expert,1100
May,4,Karşılaştırmalı,Su Bazlı vs Solvent Bazlı Temizlik: Hangisi Ne Zaman?,temizlik yöntemleri karşılaştırma,"su bazlı temizlik, solvent temizlik, temizleme yöntemleri",Istanbul,"/hizmetler/kuru-temizleme.html, /blog/teknik-bilgiler/",Comparison,600-900,2025-05-28,Technical Expert,1300
June,1,Yerel Odaklı,Suadiye'de Lüks Tekstil ve Deri Bakım Hizmetleri,suadiye lüks tekstil,"suadiye temizleme, lüks tekstil kadıköy",Kadıköy,"/bolgeler/kadikoy/suadiye-kuru-temizleme.html, /hizmetler/canta-temizleme.html",Local Guide,400-600,2025-06-04,Luxury Expert,950
June,2,Bilgilendirici,Yazlık Kıyafetlerin Sonbahar Öncesi Hazırlanması,yazlık kıyafet saklama,"tekstil saklama, yazlık bakımı, sonbahar hazırlığı",Istanbul,"/hizmetler/kuru-temizleme.html, /blog/mevsimlik-bakim/",Seasonal Guide,500-700,2025-06-11,Home Care Expert,1000
June,3,Karşılaştırmalı,Hızlı Temizlik vs Detaylı Bakım: Ne Zaman Hangisi?,hızlı temizlik karşılaştırma,"express temizlik, detaylı bakım, acil temizlik",Istanbul,"/hizmetler/, /blog/hizmet-cesitleri/",Comparison,700-1000,2025-06-18,Service Expert,1200
June,4,Yerel Odaklı,Göztepe'de Halı ve Kilim Yıkama Uzmanları,göztepe halı yıkama,"halı yıkama göztepe, kilim temizliği kadıköy",Kadıköy,"/bolgeler/kadikoy/goztepe-hali-yikama.html, /hizmetler/hali-yikama.html",Local Guide,500-800,2025-06-25,Local Expert,1000
July,1,Bilgilendirici,Tatil Dönüşü Tekstil Bakımı: Kapsamlı Temizlik Rehberi,tatil dönüşü temizlik,"tatil sonrası bakım, yoğun temizlik, tekstil yenileme",Istanbul,"/hizmetler/, /blog/ozel-durumlar/",Travel Guide,600-900,2025-07-02,Travel Expert,1100
July,2,Yerel Odaklı,Fenerbahçe'de Özel Günler İçin Tekstil Hizmetleri,fenerbahçe özel gün tekstil,"fenerbahçe temizleme, özel gün hazırlığı kadıköy",Kadıköy,"/bolgeler/kadikoy/fenerbahce-gelinlik-temizleme.html, /hizmetler/gelinlik-temizleme.html",Local Guide,400-600,2025-07-09,Event Expert,950
July,3,Bilgilendirici,Ayakkabı ve Deri Aksesuarların Yaz Bakımı,ayakkabı yaz bakımı,"ayakkabı bakımı, deri aksesuar bakımı, yaz aylarında bakım",Istanbul,"/hizmetler/lostra-hizmeti.html, /hizmetler/canta-temizleme.html",How-to Guide,400-600,2025-07-16,Leather Expert,1000
July,4,Karşılaştırmalı,Ev Tipi vs Endüstriyel Temizlik Makineleri,temizlik makineleri karşılaştırma,"ev temizlik makinesi, endüstriyel makine, profesyonel ekipman",Istanbul,"/hizmetler/, /blog/teknik-bilgiler/",Comparison,600-900,2025-07-23,Technical Expert,1300
August,1,Yerel Odaklı,Sahrayıcedit'te Profesyonel Tekstil Bakım Merkezi,sahrayıcedit tekstil bakım,"sahrayıcedit temizleme, kadıköy tekstil hizmetleri",Kadıköy,"/bolgeler/kadikoy/, /hizmetler/",Local Guide,500-700,2025-07-30,Local Expert,1000
August,2,Bilgilendirici,Sonbahar Hazırlığı: Kış Kıyafetlerinin Hazırlanması,sonbahar kış hazırlığı,"kış kıyafet hazırlığı, sonbahar temizliği, mevsim geçişi",Istanbul,"/hizmetler/kuru-temizleme.html, /blog/mevsimlik-bakim/",Seasonal Guide,600-900,2025-08-06,Home Care Expert,1100
August,3,Karşılaştırmalı,Kuru Temizleme vs Islak Temizleme: Hangi Kumaş İçin Hangisi?,temizleme yöntemleri,"kuru temizleme, ıslak temizleme, kumaş türleri",Istanbul,"/hizmetler/kuru-temizleme.html, /blog/teknik-bilgiler/",Comparison,700-1000,2025-08-13,Technical Expert,1400
August,4,Yerel Odaklı,Erenköy'de Antika Tekstil ve Kilim Restorasyonu,erenköy antika tekstil,"antika tekstil erenköy, kilim restorasyonu kadıköy",Kadıköy,"/bolgeler/kadikoy/erenkoy-hali-yikama.html, /hizmetler/hali-yikama.html",Local Guide,400-600,2025-08-20,Restoration Expert,1000
September,1,Bilgilendirici,Okul Başlangıcı: Çocuk Kıyafetlerinin Bakımı,okul kıyafet bakımı,"çocuk kıyafet bakımı, okul üniforması temizliği, okul hazırlığı",Istanbul,"/hizmetler/kuru-temizleme.html, /blog/cocuk-tekstili/",Family Guide,500-800,2025-08-27,Family Expert,1100
September,2,Yerel Odaklı,Kızıltoprak'ta Hızlı ve Güvenilir Kuru Temizleme,kızıltoprak kuru temizleme,"kızıltoprak temizleme, hızlı temizlik kadıköy",Kadıköy,"/bolgeler/kadikoy/kiziltoprak-kuru-temizleme.html, /hizmetler/kuru-temizleme.html",Local Guide,500-700,2025-09-03,Local Expert,950
September,3,Bilgilendirici,Leke Çıkarma Teknikleri: Ev vs Profesyonel Yöntemler,leke çıkarma teknikleri,"leke çıkarma, ev leke çıkarma, profesyonel leke giderme",Istanbul,"/hizmetler/, /blog/leke-cikarma/",How-to Guide,800-1200,2025-09-10,Stain Expert,1300
September,4,Karşılaştırmalı,Tek Seferlik vs Abonelik Temizlik Hizmetleri,temizlik hizmet modelleri,"tek seferlik temizlik, abonelik temizlik, düzenli bakım",Istanbul,"/hizmetler/, /blog/hizmet-paketleri/",Comparison,600-900,2025-09-17,Service Expert,1200
October,1,Yerel Odaklı,Caddebostan'da Lüks Yaşam İçin Tekstil Hizmetleri,caddebostan lüks tekstil,"caddebostan temizleme, lüks yaşam kadıköy",Kadıköy,"/bolgeler/kadikoy/caddebostan-kuru-temizleme.html, /hizmetler/",Local Guide,400-600,2025-09-24,Luxury Expert,950
October,2,Bilgilendirici,Kış Hazırlığı: Mont ve Palto Bakımı,kış mont palto bakımı,"mont temizleme, palto bakımı, kış kıyafet hazırlığı",Istanbul,"/hizmetler/kuru-temizleme.html, /blog/kis-hazırlığı/",Seasonal Guide,600-800,2025-10-01,Winter Expert,1100
October,3,Karşılaştırmalı,Sentetik vs Doğal Kumaş Bakımı: Farklar ve Yöntemler,kumaş türleri bakım,"sentetik kumaş bakımı, doğal kumaş temizliği, kumaş türleri",Istanbul,"/hizmetler/kuru-temizleme.html, /blog/kumaş-rehberi/",Comparison,700-1000,2025-10-08,Textile Expert,1300
October,4,Yerel Odaklı,Altıyol'da 7/24 Acil Tekstil Hizmetleri,altıyol acil tekstil,"altıyol temizleme, acil temizlik kadıköy, 24 saat hizmet",Kadıköy,"/bolgeler/kadikoy/altiyol-kuru-temizleme.html, /hizmetler/",Local Guide,500-700,2025-10-15,Emergency Expert,1000
November,1,Bilgilendirici,Kürk ve Deri Ürünlerin Kış Öncesi Hazırlanması,kürk deri kış hazırlığı,"kürk bakımı, deri ürün hazırlığı, kış öncesi bakım",Istanbul,"/hizmetler/canta-temizleme.html, /hizmetler/kumas-deri-boyama.html",Luxury Guide,500-700,2025-10-22,Fur Expert,1100
November,2,Yerel Odaklı,Fikirtepe'de Yenilenme İle Birlikte Tekstil Hizmetleri,fikirtepe tekstil hizmetleri,"fikirtepe temizleme, yeni mahalle tekstil",Kadıköy,"/bolgeler/kadikoy/, /hizmetler/",Local Guide,400-600,2025-10-29,Urban Development Expert,950
November,3,Bilgilendirici,Nemli Havada Tekstil Bakımı ve Koruma Yöntemleri,nemli hava tekstil bakımı,"nem koruma, küf önleme, nemli hava bakımı",Istanbul,"/hizmetler/, /blog/hava-koşulları/",Weather Guide,500-800,2025-11-05,Climate Expert,1000
November,4,Karşılaştırmalı,Geleneksel vs Modern Tekstil Bakım Yöntemleri,geleneksel modern tekstil,"geleneksel bakım, modern teknikler, tekstil bakım tarihi",Istanbul,"/hizmetler/, /blog/tekstil-tarihi/",Comparison,600-900,2025-11-12,Heritage Expert,1300
December,1,Yerel Odaklı,Koşuyolu'nda Yılbaşı Öncesi Özel Gün Hazırlıkları,koşuyolu yılbaşı hazırlık,"koşuyolu temizleme, yılbaşı hazırlığı kadıköy",Kadıköy,"/bolgeler/kadikoy/kosuyolu-abiye-temizleme.html, /hizmetler/abiye-temizleme.html",Local Guide,400-600,2025-11-19,Holiday Expert,950
December,2,Bilgilendirici,Yılbaşı ve Özel Günler İçin Tekstil Hazırlığı,yılbaşı tekstil hazırlığı,"yılbaşı hazırlığı, özel gün kıyafetleri, holiday hazırlığı",Istanbul,"/hizmetler/abiye-temizleme.html, /hizmetler/gelinlik-temizleme.html",Holiday Guide,600-900,2025-11-26,Holiday Expert,1100
December,3,Karşılaştırmalı,Yıllık Tekstil Bakım Planlaması vs Anlık İhtiyaç,yıllık tekstil planlaması,"yıllık bakım planı, tekstil planlaması, düzenli bakım",Istanbul,"/hizmetler/, /blog/bakim-planlama/",Comparison,700-1000,2025-12-03,Planning Expert,1200
December,4,Yerel Odaklı,Yıl Sonu Değerlendirmesi: İstanbul Tekstil Hizmetleri 2025,istanbul tekstil 2025,"yıl sonu değerlendirme, tekstil sektörü istanbul, 2025 trendleri",Istanbul,"/hizmetler/, /blog/sektor-analizi/",Industry Report,800-1200,2025-12-10,Industry Expert,1400