file_name,url,neighborhood,district,service,title_length,meta_length,status,timestamp
bolgelerkadikoymoda-kuru-temizleme.html,https://dryallekurutemizleme.com/bolgeler/kadikoy/moda-kuru-temizleme.html,Moda,Kadıköy,Kuru Temizleme,40,128,success,2025-08-16T19:48:01.634172
bolgelerkadikoymoda-gelinlik-temizleme.html,https://dryallekurutemizleme.com/bolgeler/kadikoy/moda-gelinlik-temizleme.html,Moda,Kadıköy,Gelinlik Temizleme,44,132,success,2025-08-16T19:48:01.635410
bolgelerkadikoymoda-abiye-temizleme.html,https://dryallekurutemizleme.com/bolgeler/kadikoy/moda-abiye-temizleme.html,Moda,Kadıköy,Abiye Temizleme,41,129,success,2025-08-16T19:48:01.636324
bolgelerkadikoymoda-valiz-temizleme.html,https://dryallekurutemizleme.com/bolgeler/kadikoy/moda-valiz-temizleme.html,Moda,Kadıköy,Valiz Temizleme,41,129,success,2025-08-16T19:48:01.637347
bolgelerkadikoymoda-bavul-temizleme.html,https://dryallekurutemizleme.com/bolgeler/kadikoy/moda-bavul-temizleme.html,Moda,Kadıköy,Bavul Temizleme,41,129,success,2025-08-16T19:48:01.638604
bolgelerkadikoymoda-hali-yikama.html,https://dryallekurutemizleme.com/bolgeler/kadikoy/moda-hali-yikama.html,Moda,Kadıköy,Halı Yıkama,37,125,success,2025-08-16T19:48:01.639766
bolgelerkadikoymoda-koltuk-yikama.html,https://dryallekurutemizleme.com/bolgeler/kadikoy/moda-koltuk-yikama.html,Moda,Kadıköy,Koltuk Yıkama,39,127,success,2025-08-16T19:48:01.641582
bolgelerkadikoymoda-perde-temizleme.html,https://dryallekurutemizleme.com/bolgeler/kadikoy/moda-perde-temizleme.html,Moda,Kadıköy,Perde Temizleme,41,129,success,2025-08-16T19:48:01.643067
bolgelerkadikoymoda-ev-tekstili-temizligi.html,https://dryallekurutemizleme.com/bolgeler/kadikoy/moda-ev-tekstili-temizligi.html,Moda,Kadıköy,Ev Tekstili Temizliği,47,135,success,2025-08-16T19:48:01.644555
bolgelerkadikoymoda-canta-temizleme.html,https://dryallekurutemizleme.com/bolgeler/kadikoy/moda-canta-temizleme.html,Moda,Kadıköy,Çanta Temizleme,41,129,success,2025-08-16T19:48:01.646031
bolgelerkadikoymoda-kumas-deri-boyama.html,https://dryallekurutemizleme.com/bolgeler/kadikoy/moda-kumas-deri-boyama.html,Moda,Kadıköy,Kumaş Deri Boyama,43,131,success,2025-08-16T19:48:01.647478
bolgelerkadikoymoda-lostra-hizmeti.html,https://dryallekurutemizleme.com/bolgeler/kadikoy/moda-lostra-hizmeti.html,Moda,Kadıköy,Lostra Hizmeti,40,128,success,2025-08-16T19:48:01.648933
bolgelerkadikoymoda-utu-hizmetleri.html,https://dryallekurutemizleme.com/bolgeler/kadikoy/moda-utu-hizmetleri.html,Moda,Kadıköy,Ütü Hizmetleri,40,128,success,2025-08-16T19:48:01.650418
bolgelerkadikoyfenerbahce-kuru-temizleme.html,https://dryallekurutemizleme.com/bolgeler/kadikoy/fenerbahce-kuru-temizleme.html,Fenerbahçe,Kadıköy,Kuru Temizleme,46,134,success,2025-08-16T19:48:01.651605
bolgelerkadikoyfenerbahce-gelinlik-temizleme.html,https://dryallekurutemizleme.com/bolgeler/kadikoy/fenerbahce-gelinlik-temizleme.html,Fenerbahçe,Kadıköy,Gelinlik Temizleme,50,138,success,2025-08-16T19:48:01.653183
bolgelerkadikoyfenerbahce-abiye-temizleme.html,https://dryallekurutemizleme.com/bolgeler/kadikoy/fenerbahce-abiye-temizleme.html,Fenerbahçe,Kadıköy,Abiye Temizleme,47,135,success,2025-08-16T19:48:01.654332
bolgelerkadikoyfenerbahce-valiz-temizleme.html,https://dryallekurutemizleme.com/bolgeler/kadikoy/fenerbahce-valiz-temizleme.html,Fenerbahçe,Kadıköy,Valiz Temizleme,47,135,success,2025-08-16T19:48:01.655400
bolgelerkadikoyfenerbahce-bavul-temizleme.html,https://dryallekurutemizleme.com/bolgeler/kadikoy/fenerbahce-bavul-temizleme.html,Fenerbahçe,Kadıköy,Bavul Temizleme,47,135,success,2025-08-16T19:48:01.656680
bolgelerkadikoyfenerbahce-hali-yikama.html,https://dryallekurutemizleme.com/bolgeler/kadikoy/fenerbahce-hali-yikama.html,Fenerbahçe,Kadıköy,Halı Yıkama,43,131,success,2025-08-16T19:48:01.657602
bolgelerkadikoyfenerbahce-koltuk-yikama.html,https://dryallekurutemizleme.com/bolgeler/kadikoy/fenerbahce-koltuk-yikama.html,Fenerbahçe,Kadıköy,Koltuk Yıkama,45,133,success,2025-08-16T19:48:01.658457
bolgelerkadikoyfenerbahce-perde-temizleme.html,https://dryallekurutemizleme.com/bolgeler/kadikoy/fenerbahce-perde-temizleme.html,Fenerbahçe,Kadıköy,Perde Temizleme,47,135,success,2025-08-16T19:48:01.659383
bolgelerkadikoyfenerbahce-ev-tekstili-temizligi.html,https://dryallekurutemizleme.com/bolgeler/kadikoy/fenerbahce-ev-tekstili-temizligi.html,Fenerbahçe,Kadıköy,Ev Tekstili Temizliği,53,141,success,2025-08-16T19:48:01.660259
bolgelerkadikoyfenerbahce-canta-temizleme.html,https://dryallekurutemizleme.com/bolgeler/kadikoy/fenerbahce-canta-temizleme.html,Fenerbahçe,Kadıköy,Çanta Temizleme,47,135,success,2025-08-16T19:48:01.661192
bolgelerkadikoyfenerbahce-kumas-deri-boyama.html,https://dryallekurutemizleme.com/bolgeler/kadikoy/fenerbahce-kumas-deri-boyama.html,Fenerbahçe,Kadıköy,Kumaş Deri Boyama,49,137,success,2025-08-16T19:48:01.662150
bolgelerkadikoyfenerbahce-lostra-hizmeti.html,https://dryallekurutemizleme.com/bolgeler/kadikoy/fenerbahce-lostra-hizmeti.html,Fenerbahçe,Kadıköy,Lostra Hizmeti,46,134,success,2025-08-16T19:48:01.663240
bolgelerkadikoyfenerbahce-utu-hizmetleri.html,https://dryallekurutemizleme.com/bolgeler/kadikoy/fenerbahce-utu-hizmetleri.html,Fenerbahçe,Kadıköy,Ütü Hizmetleri,46,134,success,2025-08-16T19:48:01.664340
bolgelerkadikoycamlica-kuru-temizleme.html,https://dryallekurutemizleme.com/bolgeler/kadikoy/camlica-kuru-temizleme.html,Çamlıca,Kadıköy,Kuru Temizleme,43,131,success,2025-08-16T19:48:01.665776
bolgelerkadikoycamlica-gelinlik-temizleme.html,https://dryallekurutemizleme.com/bolgeler/kadikoy/camlica-gelinlik-temizleme.html,Çamlıca,Kadıköy,Gelinlik Temizleme,47,135,success,2025-08-16T19:48:01.666896
bolgelerkadikoycamlica-abiye-temizleme.html,https://dryallekurutemizleme.com/bolgeler/kadikoy/camlica-abiye-temizleme.html,Çamlıca,Kadıköy,Abiye Temizleme,44,132,success,2025-08-16T19:48:01.667999
bolgelerkadikoycamlica-valiz-temizleme.html,https://dryallekurutemizleme.com/bolgeler/kadikoy/camlica-valiz-temizleme.html,Çamlıca,Kadıköy,Valiz Temizleme,44,132,success,2025-08-16T19:48:01.669009
bolgelerkadikoycamlica-bavul-temizleme.html,https://dryallekurutemizleme.com/bolgeler/kadikoy/camlica-bavul-temizleme.html,Çamlıca,Kadıköy,Bavul Temizleme,44,132,success,2025-08-16T19:48:01.669897
bolgelerkadikoycamlica-hali-yikama.html,https://dryallekurutemizleme.com/bolgeler/kadikoy/camlica-hali-yikama.html,Çamlıca,Kadıköy,Halı Yıkama,40,128,success,2025-08-16T19:48:01.670794
bolgelerkadikoycamlica-koltuk-yikama.html,https://dryallekurutemizleme.com/bolgeler/kadikoy/camlica-koltuk-yikama.html,Çamlıca,Kadıköy,Koltuk Yıkama,42,130,success,2025-08-16T19:48:01.671606
bolgelerkadikoycamlica-perde-temizleme.html,https://dryallekurutemizleme.com/bolgeler/kadikoy/camlica-perde-temizleme.html,Çamlıca,Kadıköy,Perde Temizleme,44,132,success,2025-08-16T19:48:01.672832
bolgelerkadikoycamlica-ev-tekstili-temizligi.html,https://dryallekurutemizleme.com/bolgeler/kadikoy/camlica-ev-tekstili-temizligi.html,Çamlıca,Kadıköy,Ev Tekstili Temizliği,50,138,success,2025-08-16T19:48:01.673881
bolgelerkadikoycamlica-canta-temizleme.html,https://dryallekurutemizleme.com/bolgeler/kadikoy/camlica-canta-temizleme.html,Çamlıca,Kadıköy,Çanta Temizleme,44,132,success,2025-08-16T19:48:01.674866
bolgelerkadikoycamlica-kumas-deri-boyama.html,https://dryallekurutemizleme.com/bolgeler/kadikoy/camlica-kumas-deri-boyama.html,Çamlıca,Kadıköy,Kumaş Deri Boyama,46,134,success,2025-08-16T19:48:01.675806
bolgelerkadikoycamlica-lostra-hizmeti.html,https://dryallekurutemizleme.com/bolgeler/kadikoy/camlica-lostra-hizmeti.html,Çamlıca,Kadıköy,Lostra Hizmeti,43,131,success,2025-08-16T19:48:01.676693
bolgelerkadikoycamlica-utu-hizmetleri.html,https://dryallekurutemizleme.com/bolgeler/kadikoy/camlica-utu-hizmetleri.html,Çamlıca,Kadıköy,Ütü Hizmetleri,43,131,success,2025-08-16T19:48:01.677552
bolgelerkadikoysahrayicedit-kuru-temizleme.html,https://dryallekurutemizleme.com/bolgeler/kadikoy/sahrayicedit-kuru-temizleme.html,Sahrayı Cedit,Kadıköy,Kuru Temizleme,49,137,success,2025-08-16T19:48:01.678555
bolgelerkadikoysahrayicedit-gelinlik-temizleme.html,https://dryallekurutemizleme.com/bolgeler/kadikoy/sahrayicedit-gelinlik-temizleme.html,Sahrayı Cedit,Kadıköy,Gelinlik Temizleme,53,141,success,2025-08-16T19:48:01.679480
bolgelerkadikoysahrayicedit-abiye-temizleme.html,https://dryallekurutemizleme.com/bolgeler/kadikoy/sahrayicedit-abiye-temizleme.html,Sahrayı Cedit,Kadıköy,Abiye Temizleme,50,138,success,2025-08-16T19:48:01.680452
bolgelerkadikoysahrayicedit-valiz-temizleme.html,https://dryallekurutemizleme.com/bolgeler/kadikoy/sahrayicedit-valiz-temizleme.html,Sahrayı Cedit,Kadıköy,Valiz Temizleme,50,138,success,2025-08-16T19:48:01.681599
bolgelerkadikoysahrayicedit-bavul-temizleme.html,https://dryallekurutemizleme.com/bolgeler/kadikoy/sahrayicedit-bavul-temizleme.html,Sahrayı Cedit,Kadıköy,Bavul Temizleme,50,138,success,2025-08-16T19:48:01.682846
bolgelerkadikoysahrayicedit-hali-yikama.html,https://dryallekurutemizleme.com/bolgeler/kadikoy/sahrayicedit-hali-yikama.html,Sahrayı Cedit,Kadıköy,Halı Yıkama,46,134,success,2025-08-16T19:48:01.684018
bolgelerkadikoysahrayicedit-koltuk-yikama.html,https://dryallekurutemizleme.com/bolgeler/kadikoy/sahrayicedit-koltuk-yikama.html,Sahrayı Cedit,Kadıköy,Koltuk Yıkama,48,136,success,2025-08-16T19:48:01.685193
bolgelerkadikoysahrayicedit-perde-temizleme.html,https://dryallekurutemizleme.com/bolgeler/kadikoy/sahrayicedit-perde-temizleme.html,Sahrayı Cedit,Kadıköy,Perde Temizleme,50,138,success,2025-08-16T19:48:01.686222
bolgelerkadikoysahrayicedit-ev-tekstili-temizligi.html,https://dryallekurutemizleme.com/bolgeler/kadikoy/sahrayicedit-ev-tekstili-temizligi.html,Sahrayı Cedit,Kadıköy,Ev Tekstili Temizliği,56,144,success,2025-08-16T19:48:01.687132
bolgelerkadikoysahrayicedit-canta-temizleme.html,https://dryallekurutemizleme.com/bolgeler/kadikoy/sahrayicedit-canta-temizleme.html,Sahrayı Cedit,Kadıköy,Çanta Temizleme,50,138,success,2025-08-16T19:48:01.688074
bolgelerkadikoysahrayicedit-kumas-deri-boyama.html,https://dryallekurutemizleme.com/bolgeler/kadikoy/sahrayicedit-kumas-deri-boyama.html,Sahrayı Cedit,Kadıköy,Kumaş Deri Boyama,52,140,success,2025-08-16T19:48:01.689217
bolgelerkadikoysahrayicedit-lostra-hizmeti.html,https://dryallekurutemizleme.com/bolgeler/kadikoy/sahrayicedit-lostra-hizmeti.html,Sahrayı Cedit,Kadıköy,Lostra Hizmeti,49,137,success,2025-08-16T19:48:01.690630
bolgelerkadikoysahrayicedit-utu-hizmetleri.html,https://dryallekurutemizleme.com/bolgeler/kadikoy/sahrayicedit-utu-hizmetleri.html,Sahrayı Cedit,Kadıköy,Ütü Hizmetleri,49,137,success,2025-08-16T19:48:01.692000
bolgelerkadikoykiziltoprak-kuru-temizleme.html,https://dryallekurutemizleme.com/bolgeler/kadikoy/kiziltoprak-kuru-temizleme.html,Kızıltoprak,Kadıköy,Kuru Temizleme,47,135,success,2025-08-16T19:48:01.693380
bolgelerkadikoykiziltoprak-gelinlik-temizleme.html,https://dryallekurutemizleme.com/bolgeler/kadikoy/kiziltoprak-gelinlik-temizleme.html,Kızıltoprak,Kadıköy,Gelinlik Temizleme,51,139,success,2025-08-16T19:48:01.694555
bolgelerkadikoykiziltoprak-abiye-temizleme.html,https://dryallekurutemizleme.com/bolgeler/kadikoy/kiziltoprak-abiye-temizleme.html,Kızıltoprak,Kadıköy,Abiye Temizleme,48,136,success,2025-08-16T19:48:01.695681
bolgelerkadikoykiziltoprak-valiz-temizleme.html,https://dryallekurutemizleme.com/bolgeler/kadikoy/kiziltoprak-valiz-temizleme.html,Kızıltoprak,Kadıköy,Valiz Temizleme,48,136,success,2025-08-16T19:48:01.697161
bolgelerkadikoykiziltoprak-bavul-temizleme.html,https://dryallekurutemizleme.com/bolgeler/kadikoy/kiziltoprak-bavul-temizleme.html,Kızıltoprak,Kadıköy,Bavul Temizleme,48,136,success,2025-08-16T19:48:01.698741
bolgelerkadikoykiziltoprak-hali-yikama.html,https://dryallekurutemizleme.com/bolgeler/kadikoy/kiziltoprak-hali-yikama.html,Kızıltoprak,Kadıköy,Halı Yıkama,44,132,success,2025-08-16T19:48:01.700263
bolgelerkadikoykiziltoprak-koltuk-yikama.html,https://dryallekurutemizleme.com/bolgeler/kadikoy/kiziltoprak-koltuk-yikama.html,Kızıltoprak,Kadıköy,Koltuk Yıkama,46,134,success,2025-08-16T19:48:01.701676
bolgelerkadikoykiziltoprak-perde-temizleme.html,https://dryallekurutemizleme.com/bolgeler/kadikoy/kiziltoprak-perde-temizleme.html,Kızıltoprak,Kadıköy,Perde Temizleme,48,136,success,2025-08-16T19:48:01.703021
bolgelerkadikoykiziltoprak-ev-tekstili-temizligi.html,https://dryallekurutemizleme.com/bolgeler/kadikoy/kiziltoprak-ev-tekstili-temizligi.html,Kızıltoprak,Kadıköy,Ev Tekstili Temizliği,54,142,success,2025-08-16T19:48:01.704560
bolgelerkadikoykiziltoprak-canta-temizleme.html,https://dryallekurutemizleme.com/bolgeler/kadikoy/kiziltoprak-canta-temizleme.html,Kızıltoprak,Kadıköy,Çanta Temizleme,48,136,success,2025-08-16T19:48:01.706128
bolgelerkadikoykiziltoprak-kumas-deri-boyama.html,https://dryallekurutemizleme.com/bolgeler/kadikoy/kiziltoprak-kumas-deri-boyama.html,Kızıltoprak,Kadıköy,Kumaş Deri Boyama,50,138,success,2025-08-16T19:48:01.707473
bolgelerkadikoykiziltoprak-lostra-hizmeti.html,https://dryallekurutemizleme.com/bolgeler/kadikoy/kiziltoprak-lostra-hizmeti.html,Kızıltoprak,Kadıköy,Lostra Hizmeti,47,135,success,2025-08-16T19:48:01.708379
bolgelerkadikoykiziltoprak-utu-hizmetleri.html,https://dryallekurutemizleme.com/bolgeler/kadikoy/kiziltoprak-utu-hizmetleri.html,Kızıltoprak,Kadıköy,Ütü Hizmetleri,47,135,success,2025-08-16T19:48:01.709264
bolgelerkadikoyhasanpasa-kuru-temizleme.html,https://dryallekurutemizleme.com/bolgeler/kadikoy/hasanpasa-kuru-temizleme.html,Hasanpaşa,Kadıköy,Kuru Temizleme,45,133,success,2025-08-16T19:48:01.710225
bolgelerkadikoyhasanpasa-gelinlik-temizleme.html,https://dryallekurutemizleme.com/bolgeler/kadikoy/hasanpasa-gelinlik-temizleme.html,Hasanpaşa,Kadıköy,Gelinlik Temizleme,49,137,success,2025-08-16T19:48:01.711043
bolgelerkadikoyhasanpasa-abiye-temizleme.html,https://dryallekurutemizleme.com/bolgeler/kadikoy/hasanpasa-abiye-temizleme.html,Hasanpaşa,Kadıköy,Abiye Temizleme,46,134,success,2025-08-16T19:48:01.711994
bolgelerkadikoyhasanpasa-valiz-temizleme.html,https://dryallekurutemizleme.com/bolgeler/kadikoy/hasanpasa-valiz-temizleme.html,Hasanpaşa,Kadıköy,Valiz Temizleme,46,134,success,2025-08-16T19:48:01.712987
bolgelerkadikoyhasanpasa-bavul-temizleme.html,https://dryallekurutemizleme.com/bolgeler/kadikoy/hasanpasa-bavul-temizleme.html,Hasanpaşa,Kadıköy,Bavul Temizleme,46,134,success,2025-08-16T19:48:01.714057
bolgelerkadikoyhasanpasa-hali-yikama.html,https://dryallekurutemizleme.com/bolgeler/kadikoy/hasanpasa-hali-yikama.html,Hasanpaşa,Kadıköy,Halı Yıkama,42,130,success,2025-08-16T19:48:01.715252
bolgelerkadikoyhasanpasa-koltuk-yikama.html,https://dryallekurutemizleme.com/bolgeler/kadikoy/hasanpasa-koltuk-yikama.html,Hasanpaşa,Kadıköy,Koltuk Yıkama,44,132,success,2025-08-16T19:48:01.716531
bolgelerkadikoyhasanpasa-perde-temizleme.html,https://dryallekurutemizleme.com/bolgeler/kadikoy/hasanpasa-perde-temizleme.html,Hasanpaşa,Kadıköy,Perde Temizleme,46,134,success,2025-08-16T19:48:01.717545
bolgelerkadikoyhasanpasa-ev-tekstili-temizligi.html,https://dryallekurutemizleme.com/bolgeler/kadikoy/hasanpasa-ev-tekstili-temizligi.html,Hasanpaşa,Kadıköy,Ev Tekstili Temizliği,52,140,success,2025-08-16T19:48:01.718716
bolgelerkadikoyhasanpasa-canta-temizleme.html,https://dryallekurutemizleme.com/bolgeler/kadikoy/hasanpasa-canta-temizleme.html,Hasanpaşa,Kadıköy,Çanta Temizleme,46,134,success,2025-08-16T19:48:01.719622
bolgelerkadikoyhasanpasa-kumas-deri-boyama.html,https://dryallekurutemizleme.com/bolgeler/kadikoy/hasanpasa-kumas-deri-boyama.html,Hasanpaşa,Kadıköy,Kumaş Deri Boyama,48,136,success,2025-08-16T19:48:01.720500
bolgelerkadikoyhasanpasa-lostra-hizmeti.html,https://dryallekurutemizleme.com/bolgeler/kadikoy/hasanpasa-lostra-hizmeti.html,Hasanpaşa,Kadıköy,Lostra Hizmeti,45,133,success,2025-08-16T19:48:01.721698
bolgelerkadikoyhasanpasa-utu-hizmetleri.html,https://dryallekurutemizleme.com/bolgeler/kadikoy/hasanpasa-utu-hizmetleri.html,Hasanpaşa,Kadıköy,Ütü Hizmetleri,45,133,success,2025-08-16T19:48:01.722721
bolgelerkadikoyrasimpasa-kuru-temizleme.html,https://dryallekurutemizleme.com/bolgeler/kadikoy/rasimpasa-kuru-temizleme.html,Rasimpaşa,Kadıköy,Kuru Temizleme,45,133,success,2025-08-16T19:48:01.723683
bolgelerkadikoyrasimpasa-gelinlik-temizleme.html,https://dryallekurutemizleme.com/bolgeler/kadikoy/rasimpasa-gelinlik-temizleme.html,Rasimpaşa,Kadıköy,Gelinlik Temizleme,49,137,success,2025-08-16T19:48:01.724567
bolgelerkadikoyrasimpasa-abiye-temizleme.html,https://dryallekurutemizleme.com/bolgeler/kadikoy/rasimpasa-abiye-temizleme.html,Rasimpaşa,Kadıköy,Abiye Temizleme,46,134,success,2025-08-16T19:48:01.725461
bolgelerkadikoyrasimpasa-valiz-temizleme.html,https://dryallekurutemizleme.com/bolgeler/kadikoy/rasimpasa-valiz-temizleme.html,Rasimpaşa,Kadıköy,Valiz Temizleme,46,134,success,2025-08-16T19:48:01.726450
bolgelerkadikoyrasimpasa-bavul-temizleme.html,https://dryallekurutemizleme.com/bolgeler/kadikoy/rasimpasa-bavul-temizleme.html,Rasimpaşa,Kadıköy,Bavul Temizleme,46,134,success,2025-08-16T19:48:01.727275
bolgelerkadikoyrasimpasa-hali-yikama.html,https://dryallekurutemizleme.com/bolgeler/kadikoy/rasimpasa-hali-yikama.html,Rasimpaşa,Kadıköy,Halı Yıkama,42,130,success,2025-08-16T19:48:01.728207
bolgelerkadikoyrasimpasa-koltuk-yikama.html,https://dryallekurutemizleme.com/bolgeler/kadikoy/rasimpasa-koltuk-yikama.html,Rasimpaşa,Kadıköy,Koltuk Yıkama,44,132,success,2025-08-16T19:48:01.729245
bolgelerkadikoyrasimpasa-perde-temizleme.html,https://dryallekurutemizleme.com/bolgeler/kadikoy/rasimpasa-perde-temizleme.html,Rasimpaşa,Kadıköy,Perde Temizleme,46,134,success,2025-08-16T19:48:01.730122
bolgelerkadikoyrasimpasa-ev-tekstili-temizligi.html,https://dryallekurutemizleme.com/bolgeler/kadikoy/rasimpasa-ev-tekstili-temizligi.html,Rasimpaşa,Kadıköy,Ev Tekstili Temizliği,52,140,success,2025-08-16T19:48:01.731519
bolgelerkadikoyrasimpasa-canta-temizleme.html,https://dryallekurutemizleme.com/bolgeler/kadikoy/rasimpasa-canta-temizleme.html,Rasimpaşa,Kadıköy,Çanta Temizleme,46,134,success,2025-08-16T19:48:01.732805
bolgelerkadikoyrasimpasa-kumas-deri-boyama.html,https://dryallekurutemizleme.com/bolgeler/kadikoy/rasimpasa-kumas-deri-boyama.html,Rasimpaşa,Kadıköy,Kumaş Deri Boyama,48,136,success,2025-08-16T19:48:01.734024
bolgelerkadikoyrasimpasa-lostra-hizmeti.html,https://dryallekurutemizleme.com/bolgeler/kadikoy/rasimpasa-lostra-hizmeti.html,Rasimpaşa,Kadıköy,Lostra Hizmeti,45,133,success,2025-08-16T19:48:01.735177
bolgelerkadikoyrasimpasa-utu-hizmetleri.html,https://dryallekurutemizleme.com/bolgeler/kadikoy/rasimpasa-utu-hizmetleri.html,Rasimpaşa,Kadıköy,Ütü Hizmetleri,45,133,success,2025-08-16T19:48:01.736499
bolgelerkadikoyzuhtupasa-kuru-temizleme.html,https://dryallekurutemizleme.com/bolgeler/kadikoy/zuhtupasa-kuru-temizleme.html,Zühtüpaşa,Kadıköy,Kuru Temizleme,45,133,success,2025-08-16T19:48:01.737763
bolgelerkadikoyzuhtupasa-gelinlik-temizleme.html,https://dryallekurutemizleme.com/bolgeler/kadikoy/zuhtupasa-gelinlik-temizleme.html,Zühtüpaşa,Kadıköy,Gelinlik Temizleme,49,137,success,2025-08-16T19:48:01.738817
bolgelerkadikoyzuhtupasa-abiye-temizleme.html,https://dryallekurutemizleme.com/bolgeler/kadikoy/zuhtupasa-abiye-temizleme.html,Zühtüpaşa,Kadıköy,Abiye Temizleme,46,134,success,2025-08-16T19:48:01.740024
bolgelerkadikoyzuhtupasa-valiz-temizleme.html,https://dryallekurutemizleme.com/bolgeler/kadikoy/zuhtupasa-valiz-temizleme.html,Zühtüpaşa,Kadıköy,Valiz Temizleme,46,134,success,2025-08-16T19:48:01.741439
bolgelerkadikoyzuhtupasa-bavul-temizleme.html,https://dryallekurutemizleme.com/bolgeler/kadikoy/zuhtupasa-bavul-temizleme.html,Zühtüpaşa,Kadıköy,Bavul Temizleme,46,134,success,2025-08-16T19:48:01.742959
bolgelerkadikoyzuhtupasa-hali-yikama.html,https://dryallekurutemizleme.com/bolgeler/kadikoy/zuhtupasa-hali-yikama.html,Zühtüpaşa,Kadıköy,Halı Yıkama,42,130,success,2025-08-16T19:48:01.744424
bolgelerkadikoyzuhtupasa-koltuk-yikama.html,https://dryallekurutemizleme.com/bolgeler/kadikoy/zuhtupasa-koltuk-yikama.html,Zühtüpaşa,Kadıköy,Koltuk Yıkama,44,132,success,2025-08-16T19:48:01.745744
bolgelerkadikoyzuhtupasa-perde-temizleme.html,https://dryallekurutemizleme.com/bolgeler/kadikoy/zuhtupasa-perde-temizleme.html,Zühtüpaşa,Kadıköy,Perde Temizleme,46,134,success,2025-08-16T19:48:01.747227
bolgelerkadikoyzuhtupasa-ev-tekstili-temizligi.html,https://dryallekurutemizleme.com/bolgeler/kadikoy/zuhtupasa-ev-tekstili-temizligi.html,Zühtüpaşa,Kadıköy,Ev Tekstili Temizliği,52,140,success,2025-08-16T19:48:01.748718
bolgelerkadikoyzuhtupasa-canta-temizleme.html,https://dryallekurutemizleme.com/bolgeler/kadikoy/zuhtupasa-canta-temizleme.html,Zühtüpaşa,Kadıköy,Çanta Temizleme,46,134,success,2025-08-16T19:48:01.750922
bolgelerkadikoyzuhtupasa-kumas-deri-boyama.html,https://dryallekurutemizleme.com/bolgeler/kadikoy/zuhtupasa-kumas-deri-boyama.html,Zühtüpaşa,Kadıköy,Kumaş Deri Boyama,48,136,success,2025-08-16T19:48:01.752426
bolgelerkadikoyzuhtupasa-lostra-hizmeti.html,https://dryallekurutemizleme.com/bolgeler/kadikoy/zuhtupasa-lostra-hizmeti.html,Zühtüpaşa,Kadıköy,Lostra Hizmeti,45,133,success,2025-08-16T19:48:01.754131
bolgelerkadikoyzuhtupasa-utu-hizmetleri.html,https://dryallekurutemizleme.com/bolgeler/kadikoy/zuhtupasa-utu-hizmetleri.html,Zühtüpaşa,Kadıköy,Ütü Hizmetleri,45,133,success,2025-08-16T19:48:01.755805
bolgelerkadikoyosmanaga-kuru-temizleme.html,https://dryallekurutemizleme.com/bolgeler/kadikoy/osmanaga-kuru-temizleme.html,Osmanağa,Kadıköy,Kuru Temizleme,44,132,success,2025-08-16T19:48:01.757137
bolgelerkadikoyosmanaga-gelinlik-temizleme.html,https://dryallekurutemizleme.com/bolgeler/kadikoy/osmanaga-gelinlik-temizleme.html,Osmanağa,Kadıköy,Gelinlik Temizleme,48,136,success,2025-08-16T19:48:01.759284
bolgelerkadikoyosmanaga-abiye-temizleme.html,https://dryallekurutemizleme.com/bolgeler/kadikoy/osmanaga-abiye-temizleme.html,Osmanağa,Kadıköy,Abiye Temizleme,45,133,success,2025-08-16T19:48:01.760822
bolgelerkadikoyosmanaga-valiz-temizleme.html,https://dryallekurutemizleme.com/bolgeler/kadikoy/osmanaga-valiz-temizleme.html,Osmanağa,Kadıköy,Valiz Temizleme,45,133,success,2025-08-16T19:48:01.762425
bolgelerkadikoyosmanaga-bavul-temizleme.html,https://dryallekurutemizleme.com/bolgeler/kadikoy/osmanaga-bavul-temizleme.html,Osmanağa,Kadıköy,Bavul Temizleme,45,133,success,2025-08-16T19:48:01.764078
bolgelerkadikoyosmanaga-hali-yikama.html,https://dryallekurutemizleme.com/bolgeler/kadikoy/osmanaga-hali-yikama.html,Osmanağa,Kadıköy,Halı Yıkama,41,129,success,2025-08-16T19:48:01.765674
bolgelerkadikoyosmanaga-koltuk-yikama.html,https://dryallekurutemizleme.com/bolgeler/kadikoy/osmanaga-koltuk-yikama.html,Osmanağa,Kadıköy,Koltuk Yıkama,43,131,success,2025-08-16T19:48:01.767828
bolgelerkadikoyosmanaga-perde-temizleme.html,https://dryallekurutemizleme.com/bolgeler/kadikoy/osmanaga-perde-temizleme.html,Osmanağa,Kadıköy,Perde Temizleme,45,133,success,2025-08-16T19:48:01.769658
bolgelerkadikoyosmanaga-ev-tekstili-temizligi.html,https://dryallekurutemizleme.com/bolgeler/kadikoy/osmanaga-ev-tekstili-temizligi.html,Osmanağa,Kadıköy,Ev Tekstili Temizliği,51,139,success,2025-08-16T19:48:01.771779
bolgelerkadikoyosmanaga-canta-temizleme.html,https://dryallekurutemizleme.com/bolgeler/kadikoy/osmanaga-canta-temizleme.html,Osmanağa,Kadıköy,Çanta Temizleme,45,133,success,2025-08-16T19:48:01.773543
bolgelerkadikoyosmanaga-kumas-deri-boyama.html,https://dryallekurutemizleme.com/bolgeler/kadikoy/osmanaga-kumas-deri-boyama.html,Osmanağa,Kadıköy,Kumaş Deri Boyama,47,135,success,2025-08-16T19:48:01.776061
bolgelerkadikoyosmanaga-lostra-hizmeti.html,https://dryallekurutemizleme.com/bolgeler/kadikoy/osmanaga-lostra-hizmeti.html,Osmanağa,Kadıköy,Lostra Hizmeti,44,132,success,2025-08-16T19:48:01.777717
bolgelerkadikoyosmanaga-utu-hizmetleri.html,https://dryallekurutemizleme.com/bolgeler/kadikoy/osmanaga-utu-hizmetleri.html,Osmanağa,Kadıköy,Ütü Hizmetleri,44,132,success,2025-08-16T19:48:01.779164
bolgelerkadikoygoztepe-kuru-temizleme.html,https://dryallekurutemizleme.com/bolgeler/kadikoy/goztepe-kuru-temizleme.html,Göztepe,Kadıköy,Kuru Temizleme,43,131,success,2025-08-16T19:48:01.780811
bolgelerkadikoygoztepe-gelinlik-temizleme.html,https://dryallekurutemizleme.com/bolgeler/kadikoy/goztepe-gelinlik-temizleme.html,Göztepe,Kadıköy,Gelinlik Temizleme,47,135,success,2025-08-16T19:48:01.782351
bolgelerkadikoygoztepe-abiye-temizleme.html,https://dryallekurutemizleme.com/bolgeler/kadikoy/goztepe-abiye-temizleme.html,Göztepe,Kadıköy,Abiye Temizleme,44,132,success,2025-08-16T19:48:01.783694
bolgelerkadikoygoztepe-valiz-temizleme.html,https://dryallekurutemizleme.com/bolgeler/kadikoy/goztepe-valiz-temizleme.html,Göztepe,Kadıköy,Valiz Temizleme,44,132,success,2025-08-16T19:48:01.785838
bolgelerkadikoygoztepe-bavul-temizleme.html,https://dryallekurutemizleme.com/bolgeler/kadikoy/goztepe-bavul-temizleme.html,Göztepe,Kadıköy,Bavul Temizleme,44,132,success,2025-08-16T19:48:01.787643
bolgelerkadikoygoztepe-hali-yikama.html,https://dryallekurutemizleme.com/bolgeler/kadikoy/goztepe-hali-yikama.html,Göztepe,Kadıköy,Halı Yıkama,40,128,success,2025-08-16T19:48:01.789045
bolgelerkadikoygoztepe-koltuk-yikama.html,https://dryallekurutemizleme.com/bolgeler/kadikoy/goztepe-koltuk-yikama.html,Göztepe,Kadıköy,Koltuk Yıkama,42,130,success,2025-08-16T19:48:01.790516
bolgelerkadikoygoztepe-perde-temizleme.html,https://dryallekurutemizleme.com/bolgeler/kadikoy/goztepe-perde-temizleme.html,Göztepe,Kadıköy,Perde Temizleme,44,132,success,2025-08-16T19:48:01.791869
bolgelerkadikoygoztepe-ev-tekstili-temizligi.html,https://dryallekurutemizleme.com/bolgeler/kadikoy/goztepe-ev-tekstili-temizligi.html,Göztepe,Kadıköy,Ev Tekstili Temizliği,50,138,success,2025-08-16T19:48:01.793278
bolgelerkadikoygoztepe-canta-temizleme.html,https://dryallekurutemizleme.com/bolgeler/kadikoy/goztepe-canta-temizleme.html,Göztepe,Kadıköy,Çanta Temizleme,44,132,success,2025-08-16T19:48:01.794742
bolgelerkadikoygoztepe-kumas-deri-boyama.html,https://dryallekurutemizleme.com/bolgeler/kadikoy/goztepe-kumas-deri-boyama.html,Göztepe,Kadıköy,Kumaş Deri Boyama,46,134,success,2025-08-16T19:48:01.796585
bolgelerkadikoygoztepe-lostra-hizmeti.html,https://dryallekurutemizleme.com/bolgeler/kadikoy/goztepe-lostra-hizmeti.html,Göztepe,Kadıköy,Lostra Hizmeti,43,131,success,2025-08-16T19:48:01.798303
bolgelerkadikoygoztepe-utu-hizmetleri.html,https://dryallekurutemizleme.com/bolgeler/kadikoy/goztepe-utu-hizmetleri.html,Göztepe,Kadıköy,Ütü Hizmetleri,43,131,success,2025-08-16T19:48:01.800325
bolgelerkadikoyerenkoy-kuru-temizleme.html,https://dryallekurutemizleme.com/bolgeler/kadikoy/erenkoy-kuru-temizleme.html,Erenköy,Kadıköy,Kuru Temizleme,43,131,success,2025-08-16T19:48:01.801878
bolgelerkadikoyerenkoy-gelinlik-temizleme.html,https://dryallekurutemizleme.com/bolgeler/kadikoy/erenkoy-gelinlik-temizleme.html,Erenköy,Kadıköy,Gelinlik Temizleme,47,135,success,2025-08-16T19:48:01.803364
bolgelerkadikoyerenkoy-abiye-temizleme.html,https://dryallekurutemizleme.com/bolgeler/kadikoy/erenkoy-abiye-temizleme.html,Erenköy,Kadıköy,Abiye Temizleme,44,132,success,2025-08-16T19:48:01.805264
bolgelerkadikoyerenkoy-valiz-temizleme.html,https://dryallekurutemizleme.com/bolgeler/kadikoy/erenkoy-valiz-temizleme.html,Erenköy,Kadıköy,Valiz Temizleme,44,132,success,2025-08-16T19:48:01.806877
bolgelerkadikoyerenkoy-bavul-temizleme.html,https://dryallekurutemizleme.com/bolgeler/kadikoy/erenkoy-bavul-temizleme.html,Erenköy,Kadıköy,Bavul Temizleme,44,132,success,2025-08-16T19:48:01.808345
bolgelerkadikoyerenkoy-hali-yikama.html,https://dryallekurutemizleme.com/bolgeler/kadikoy/erenkoy-hali-yikama.html,Erenköy,Kadıköy,Halı Yıkama,40,128,success,2025-08-16T19:48:01.809821
bolgelerkadikoyerenkoy-koltuk-yikama.html,https://dryallekurutemizleme.com/bolgeler/kadikoy/erenkoy-koltuk-yikama.html,Erenköy,Kadıköy,Koltuk Yıkama,42,130,success,2025-08-16T19:48:01.811180
bolgelerkadikoyerenkoy-perde-temizleme.html,https://dryallekurutemizleme.com/bolgeler/kadikoy/erenkoy-perde-temizleme.html,Erenköy,Kadıköy,Perde Temizleme,44,132,success,2025-08-16T19:48:01.812456
bolgelerkadikoyerenkoy-ev-tekstili-temizligi.html,https://dryallekurutemizleme.com/bolgeler/kadikoy/erenkoy-ev-tekstili-temizligi.html,Erenköy,Kadıköy,Ev Tekstili Temizliği,50,138,success,2025-08-16T19:48:01.814445
bolgelerkadikoyerenkoy-canta-temizleme.html,https://dryallekurutemizleme.com/bolgeler/kadikoy/erenkoy-canta-temizleme.html,Erenköy,Kadıköy,Çanta Temizleme,44,132,success,2025-08-16T19:48:01.815724
bolgelerkadikoyerenkoy-kumas-deri-boyama.html,https://dryallekurutemizleme.com/bolgeler/kadikoy/erenkoy-kumas-deri-boyama.html,Erenköy,Kadıköy,Kumaş Deri Boyama,46,134,success,2025-08-16T19:48:01.817110
bolgelerkadikoyerenkoy-lostra-hizmeti.html,https://dryallekurutemizleme.com/bolgeler/kadikoy/erenkoy-lostra-hizmeti.html,Erenköy,Kadıköy,Lostra Hizmeti,43,131,success,2025-08-16T19:48:01.818342
bolgelerkadikoyerenkoy-utu-hizmetleri.html,https://dryallekurutemizleme.com/bolgeler/kadikoy/erenkoy-utu-hizmetleri.html,Erenköy,Kadıköy,Ütü Hizmetleri,43,131,success,2025-08-16T19:48:01.819780
bolgelerkadikoysuadiye-kuru-temizleme.html,https://dryallekurutemizleme.com/bolgeler/kadikoy/suadiye-kuru-temizleme.html,Suadiye,Kadıköy,Kuru Temizleme,43,131,success,2025-08-16T19:48:01.822187
bolgelerkadikoysuadiye-gelinlik-temizleme.html,https://dryallekurutemizleme.com/bolgeler/kadikoy/suadiye-gelinlik-temizleme.html,Suadiye,Kadıköy,Gelinlik Temizleme,47,135,success,2025-08-16T19:48:01.823879
bolgelerkadikoysuadiye-abiye-temizleme.html,https://dryallekurutemizleme.com/bolgeler/kadikoy/suadiye-abiye-temizleme.html,Suadiye,Kadıköy,Abiye Temizleme,44,132,success,2025-08-16T19:48:01.825364
bolgelerkadikoysuadiye-valiz-temizleme.html,https://dryallekurutemizleme.com/bolgeler/kadikoy/suadiye-valiz-temizleme.html,Suadiye,Kadıköy,Valiz Temizleme,44,132,success,2025-08-16T19:48:01.826585
bolgelerkadikoysuadiye-bavul-temizleme.html,https://dryallekurutemizleme.com/bolgeler/kadikoy/suadiye-bavul-temizleme.html,Suadiye,Kadıköy,Bavul Temizleme,44,132,success,2025-08-16T19:48:01.827769
bolgelerkadikoysuadiye-hali-yikama.html,https://dryallekurutemizleme.com/bolgeler/kadikoy/suadiye-hali-yikama.html,Suadiye,Kadıköy,Halı Yıkama,40,128,success,2025-08-16T19:48:01.829097
bolgelerkadikoysuadiye-koltuk-yikama.html,https://dryallekurutemizleme.com/bolgeler/kadikoy/suadiye-koltuk-yikama.html,Suadiye,Kadıköy,Koltuk Yıkama,42,130,success,2025-08-16T19:48:01.830580
bolgelerkadikoysuadiye-perde-temizleme.html,https://dryallekurutemizleme.com/bolgeler/kadikoy/suadiye-perde-temizleme.html,Suadiye,Kadıköy,Perde Temizleme,44,132,success,2025-08-16T19:48:01.831868
bolgelerkadikoysuadiye-ev-tekstili-temizligi.html,https://dryallekurutemizleme.com/bolgeler/kadikoy/suadiye-ev-tekstili-temizligi.html,Suadiye,Kadıköy,Ev Tekstili Temizliği,50,138,success,2025-08-16T19:48:01.833133
bolgelerkadikoysuadiye-canta-temizleme.html,https://dryallekurutemizleme.com/bolgeler/kadikoy/suadiye-canta-temizleme.html,Suadiye,Kadıköy,Çanta Temizleme,44,132,success,2025-08-16T19:48:01.834745
bolgelerkadikoysuadiye-kumas-deri-boyama.html,https://dryallekurutemizleme.com/bolgeler/kadikoy/suadiye-kumas-deri-boyama.html,Suadiye,Kadıköy,Kumaş Deri Boyama,46,134,success,2025-08-16T19:48:01.836103
bolgelerkadikoysuadiye-lostra-hizmeti.html,https://dryallekurutemizleme.com/bolgeler/kadikoy/suadiye-lostra-hizmeti.html,Suadiye,Kadıköy,Lostra Hizmeti,43,131,success,2025-08-16T19:48:01.837753
bolgelerkadikoysuadiye-utu-hizmetleri.html,https://dryallekurutemizleme.com/bolgeler/kadikoy/suadiye-utu-hizmetleri.html,Suadiye,Kadıköy,Ütü Hizmetleri,43,131,success,2025-08-16T19:48:01.840088
bolgelerkadikoycaddebostan-kuru-temizleme.html,https://dryallekurutemizleme.com/bolgeler/kadikoy/caddebostan-kuru-temizleme.html,Caddebostan,Kadıköy,Kuru Temizleme,47,135,success,2025-08-16T19:48:01.844597
bolgelerkadikoycaddebostan-gelinlik-temizleme.html,https://dryallekurutemizleme.com/bolgeler/kadikoy/caddebostan-gelinlik-temizleme.html,Caddebostan,Kadıköy,Gelinlik Temizleme,51,139,success,2025-08-16T19:48:01.849541
bolgelerkadikoycaddebostan-abiye-temizleme.html,https://dryallekurutemizleme.com/bolgeler/kadikoy/caddebostan-abiye-temizleme.html,Caddebostan,Kadıköy,Abiye Temizleme,48,136,success,2025-08-16T19:48:01.854481
bolgelerkadikoycaddebostan-valiz-temizleme.html,https://dryallekurutemizleme.com/bolgeler/kadikoy/caddebostan-valiz-temizleme.html,Caddebostan,Kadıköy,Valiz Temizleme,48,136,success,2025-08-16T19:48:01.856549
bolgelerkadikoycaddebostan-bavul-temizleme.html,https://dryallekurutemizleme.com/bolgeler/kadikoy/caddebostan-bavul-temizleme.html,Caddebostan,Kadıköy,Bavul Temizleme,48,136,success,2025-08-16T19:48:01.861334
bolgelerkadikoycaddebostan-hali-yikama.html,https://dryallekurutemizleme.com/bolgeler/kadikoy/caddebostan-hali-yikama.html,Caddebostan,Kadıköy,Halı Yıkama,44,132,success,2025-08-16T19:48:01.864498
bolgelerkadikoycaddebostan-koltuk-yikama.html,https://dryallekurutemizleme.com/bolgeler/kadikoy/caddebostan-koltuk-yikama.html,Caddebostan,Kadıköy,Koltuk Yıkama,46,134,success,2025-08-16T19:48:01.866249
bolgelerkadikoycaddebostan-perde-temizleme.html,https://dryallekurutemizleme.com/bolgeler/kadikoy/caddebostan-perde-temizleme.html,Caddebostan,Kadıköy,Perde Temizleme,48,136,success,2025-08-16T19:48:01.868011
bolgelerkadikoycaddebostan-ev-tekstili-temizligi.html,https://dryallekurutemizleme.com/bolgeler/kadikoy/caddebostan-ev-tekstili-temizligi.html,Caddebostan,Kadıköy,Ev Tekstili Temizliği,54,142,success,2025-08-16T19:48:01.870058
bolgelerkadikoycaddebostan-canta-temizleme.html,https://dryallekurutemizleme.com/bolgeler/kadikoy/caddebostan-canta-temizleme.html,Caddebostan,Kadıköy,Çanta Temizleme,48,136,success,2025-08-16T19:48:01.871543
bolgelerkadikoycaddebostan-kumas-deri-boyama.html,https://dryallekurutemizleme.com/bolgeler/kadikoy/caddebostan-kumas-deri-boyama.html,Caddebostan,Kadıköy,Kumaş Deri Boyama,50,138,success,2025-08-16T19:48:01.873440
bolgelerkadikoycaddebostan-lostra-hizmeti.html,https://dryallekurutemizleme.com/bolgeler/kadikoy/caddebostan-lostra-hizmeti.html,Caddebostan,Kadıköy,Lostra Hizmeti,47,135,success,2025-08-16T19:48:01.875309
bolgelerkadikoycaddebostan-utu-hizmetleri.html,https://dryallekurutemizleme.com/bolgeler/kadikoy/caddebostan-utu-hizmetleri.html,Caddebostan,Kadıköy,Ütü Hizmetleri,47,135,success,2025-08-16T19:48:01.876694
bolgelerkadikoybostanci-kuru-temizleme.html,https://dryallekurutemizleme.com/bolgeler/kadikoy/bostanci-kuru-temizleme.html,Bostancı,Kadıköy,Kuru Temizleme,44,132,success,2025-08-16T19:48:01.878163
bolgelerkadikoybostanci-gelinlik-temizleme.html,https://dryallekurutemizleme.com/bolgeler/kadikoy/bostanci-gelinlik-temizleme.html,Bostancı,Kadıköy,Gelinlik Temizleme,48,136,success,2025-08-16T19:48:01.880525
bolgelerkadikoybostanci-abiye-temizleme.html,https://dryallekurutemizleme.com/bolgeler/kadikoy/bostanci-abiye-temizleme.html,Bostancı,Kadıköy,Abiye Temizleme,45,133,success,2025-08-16T19:48:01.882459
bolgelerkadikoybostanci-valiz-temizleme.html,https://dryallekurutemizleme.com/bolgeler/kadikoy/bostanci-valiz-temizleme.html,Bostancı,Kadıköy,Valiz Temizleme,45,133,success,2025-08-16T19:48:01.884111
bolgelerkadikoybostanci-bavul-temizleme.html,https://dryallekurutemizleme.com/bolgeler/kadikoy/bostanci-bavul-temizleme.html,Bostancı,Kadıköy,Bavul Temizleme,45,133,success,2025-08-16T19:48:01.885746
bolgelerkadikoybostanci-hali-yikama.html,https://dryallekurutemizleme.com/bolgeler/kadikoy/bostanci-hali-yikama.html,Bostancı,Kadıköy,Halı Yıkama,41,129,success,2025-08-16T19:48:01.888172
bolgelerkadikoybostanci-koltuk-yikama.html,https://dryallekurutemizleme.com/bolgeler/kadikoy/bostanci-koltuk-yikama.html,Bostancı,Kadıköy,Koltuk Yıkama,43,131,success,2025-08-16T19:48:01.889347
bolgelerkadikoybostanci-perde-temizleme.html,https://dryallekurutemizleme.com/bolgeler/kadikoy/bostanci-perde-temizleme.html,Bostancı,Kadıköy,Perde Temizleme,45,133,success,2025-08-16T19:48:01.890899
bolgelerkadikoybostanci-ev-tekstili-temizligi.html,https://dryallekurutemizleme.com/bolgeler/kadikoy/bostanci-ev-tekstili-temizligi.html,Bostancı,Kadıköy,Ev Tekstili Temizliği,51,139,success,2025-08-16T19:48:01.892489
bolgelerkadikoybostanci-canta-temizleme.html,https://dryallekurutemizleme.com/bolgeler/kadikoy/bostanci-canta-temizleme.html,Bostancı,Kadıköy,Çanta Temizleme,45,133,success,2025-08-16T19:48:01.894196
bolgelerkadikoybostanci-kumas-deri-boyama.html,https://dryallekurutemizleme.com/bolgeler/kadikoy/bostanci-kumas-deri-boyama.html,Bostancı,Kadıköy,Kumaş Deri Boyama,47,135,success,2025-08-16T19:48:01.895849
bolgelerkadikoybostanci-lostra-hizmeti.html,https://dryallekurutemizleme.com/bolgeler/kadikoy/bostanci-lostra-hizmeti.html,Bostancı,Kadıköy,Lostra Hizmeti,44,132,success,2025-08-16T19:48:01.897231
bolgelerkadikoybostanci-utu-hizmetleri.html,https://dryallekurutemizleme.com/bolgeler/kadikoy/bostanci-utu-hizmetleri.html,Bostancı,Kadıköy,Ütü Hizmetleri,44,132,success,2025-08-16T19:48:01.898777
bolgelerkadikoykalamis-kuru-temizleme.html,https://dryallekurutemizleme.com/bolgeler/kadikoy/kalamis-kuru-temizleme.html,Kalamış,Kadıköy,Kuru Temizleme,43,131,success,2025-08-16T19:48:01.900564
bolgelerkadikoykalamis-gelinlik-temizleme.html,https://dryallekurutemizleme.com/bolgeler/kadikoy/kalamis-gelinlik-temizleme.html,Kalamış,Kadıköy,Gelinlik Temizleme,47,135,success,2025-08-16T19:48:01.902139
bolgelerkadikoykalamis-abiye-temizleme.html,https://dryallekurutemizleme.com/bolgeler/kadikoy/kalamis-abiye-temizleme.html,Kalamış,Kadıköy,Abiye Temizleme,44,132,success,2025-08-16T19:48:01.904353
bolgelerkadikoykalamis-valiz-temizleme.html,https://dryallekurutemizleme.com/bolgeler/kadikoy/kalamis-valiz-temizleme.html,Kalamış,Kadıköy,Valiz Temizleme,44,132,success,2025-08-16T19:48:01.905910
bolgelerkadikoykalamis-bavul-temizleme.html,https://dryallekurutemizleme.com/bolgeler/kadikoy/kalamis-bavul-temizleme.html,Kalamış,Kadıköy,Bavul Temizleme,44,132,success,2025-08-16T19:48:01.907211
bolgelerkadikoykalamis-hali-yikama.html,https://dryallekurutemizleme.com/bolgeler/kadikoy/kalamis-hali-yikama.html,Kalamış,Kadıköy,Halı Yıkama,40,128,success,2025-08-16T19:48:01.908518
bolgelerkadikoykalamis-koltuk-yikama.html,https://dryallekurutemizleme.com/bolgeler/kadikoy/kalamis-koltuk-yikama.html,Kalamış,Kadıköy,Koltuk Yıkama,42,130,success,2025-08-16T19:48:01.909985
bolgelerkadikoykalamis-perde-temizleme.html,https://dryallekurutemizleme.com/bolgeler/kadikoy/kalamis-perde-temizleme.html,Kalamış,Kadıköy,Perde Temizleme,44,132,success,2025-08-16T19:48:01.911322
bolgelerkadikoykalamis-ev-tekstili-temizligi.html,https://dryallekurutemizleme.com/bolgeler/kadikoy/kalamis-ev-tekstili-temizligi.html,Kalamış,Kadıköy,Ev Tekstili Temizliği,50,138,success,2025-08-16T19:48:01.912879
bolgelerkadikoykalamis-canta-temizleme.html,https://dryallekurutemizleme.com/bolgeler/kadikoy/kalamis-canta-temizleme.html,Kalamış,Kadıköy,Çanta Temizleme,44,132,success,2025-08-16T19:48:01.914100
bolgelerkadikoykalamis-kumas-deri-boyama.html,https://dryallekurutemizleme.com/bolgeler/kadikoy/kalamis-kumas-deri-boyama.html,Kalamış,Kadıköy,Kumaş Deri Boyama,46,134,success,2025-08-16T19:48:01.915483
bolgelerkadikoykalamis-lostra-hizmeti.html,https://dryallekurutemizleme.com/bolgeler/kadikoy/kalamis-lostra-hizmeti.html,Kalamış,Kadıköy,Lostra Hizmeti,43,131,success,2025-08-16T19:48:01.916876
bolgelerkadikoykalamis-utu-hizmetleri.html,https://dryallekurutemizleme.com/bolgeler/kadikoy/kalamis-utu-hizmetleri.html,Kalamış,Kadıköy,Ütü Hizmetleri,43,131,success,2025-08-16T19:48:01.918569
bolgelerkadikoyfeneryolu-kuru-temizleme.html,https://dryallekurutemizleme.com/bolgeler/kadikoy/feneryolu-kuru-temizleme.html,Feneryolu,Kadıköy,Kuru Temizleme,45,133,success,2025-08-16T19:48:01.920031
bolgelerkadikoyfeneryolu-gelinlik-temizleme.html,https://dryallekurutemizleme.com/bolgeler/kadikoy/feneryolu-gelinlik-temizleme.html,Feneryolu,Kadıköy,Gelinlik Temizleme,49,137,success,2025-08-16T19:48:01.921414
bolgelerkadikoyfeneryolu-abiye-temizleme.html,https://dryallekurutemizleme.com/bolgeler/kadikoy/feneryolu-abiye-temizleme.html,Feneryolu,Kadıköy,Abiye Temizleme,46,134,success,2025-08-16T19:48:01.923021
bolgelerkadikoyfeneryolu-valiz-temizleme.html,https://dryallekurutemizleme.com/bolgeler/kadikoy/feneryolu-valiz-temizleme.html,Feneryolu,Kadıköy,Valiz Temizleme,46,134,success,2025-08-16T19:48:01.924124
bolgelerkadikoyfeneryolu-bavul-temizleme.html,https://dryallekurutemizleme.com/bolgeler/kadikoy/feneryolu-bavul-temizleme.html,Feneryolu,Kadıköy,Bavul Temizleme,46,134,success,2025-08-16T19:48:01.925482
bolgelerkadikoyfeneryolu-hali-yikama.html,https://dryallekurutemizleme.com/bolgeler/kadikoy/feneryolu-hali-yikama.html,Feneryolu,Kadıköy,Halı Yıkama,42,130,success,2025-08-16T19:48:01.926347
bolgelerkadikoyfeneryolu-koltuk-yikama.html,https://dryallekurutemizleme.com/bolgeler/kadikoy/feneryolu-koltuk-yikama.html,Feneryolu,Kadıköy,Koltuk Yıkama,44,132,success,2025-08-16T19:48:01.927211
bolgelerkadikoyfeneryolu-perde-temizleme.html,https://dryallekurutemizleme.com/bolgeler/kadikoy/feneryolu-perde-temizleme.html,Feneryolu,Kadıköy,Perde Temizleme,46,134,success,2025-08-16T19:48:01.928377
bolgelerkadikoyfeneryolu-ev-tekstili-temizligi.html,https://dryallekurutemizleme.com/bolgeler/kadikoy/feneryolu-ev-tekstili-temizligi.html,Feneryolu,Kadıköy,Ev Tekstili Temizliği,52,140,success,2025-08-16T19:48:01.929577
bolgelerkadikoyfeneryolu-canta-temizleme.html,https://dryallekurutemizleme.com/bolgeler/kadikoy/feneryolu-canta-temizleme.html,Feneryolu,Kadıköy,Çanta Temizleme,46,134,success,2025-08-16T19:48:01.930495
bolgelerkadikoyfeneryolu-kumas-deri-boyama.html,https://dryallekurutemizleme.com/bolgeler/kadikoy/feneryolu-kumas-deri-boyama.html,Feneryolu,Kadıköy,Kumaş Deri Boyama,48,136,success,2025-08-16T19:48:01.931547
bolgelerkadikoyfeneryolu-lostra-hizmeti.html,https://dryallekurutemizleme.com/bolgeler/kadikoy/feneryolu-lostra-hizmeti.html,Feneryolu,Kadıköy,Lostra Hizmeti,45,133,success,2025-08-16T19:48:01.932622
bolgelerkadikoyfeneryolu-utu-hizmetleri.html,https://dryallekurutemizleme.com/bolgeler/kadikoy/feneryolu-utu-hizmetleri.html,Feneryolu,Kadıköy,Ütü Hizmetleri,45,133,success,2025-08-16T19:48:01.933853
bolgelerkadikoykosuyolu-kuru-temizleme.html,https://dryallekurutemizleme.com/bolgeler/kadikoy/kosuyolu-kuru-temizleme.html,Koşuyolu,Kadıköy,Kuru Temizleme,44,132,success,2025-08-16T19:48:01.935124
bolgelerkadikoykosuyolu-gelinlik-temizleme.html,https://dryallekurutemizleme.com/bolgeler/kadikoy/kosuyolu-gelinlik-temizleme.html,Koşuyolu,Kadıköy,Gelinlik Temizleme,48,136,success,2025-08-16T19:48:01.936349
bolgelerkadikoykosuyolu-abiye-temizleme.html,https://dryallekurutemizleme.com/bolgeler/kadikoy/kosuyolu-abiye-temizleme.html,Koşuyolu,Kadıköy,Abiye Temizleme,45,133,success,2025-08-16T19:48:01.937607
bolgelerkadikoykosuyolu-valiz-temizleme.html,https://dryallekurutemizleme.com/bolgeler/kadikoy/kosuyolu-valiz-temizleme.html,Koşuyolu,Kadıköy,Valiz Temizleme,45,133,success,2025-08-16T19:48:01.938854
bolgelerkadikoykosuyolu-bavul-temizleme.html,https://dryallekurutemizleme.com/bolgeler/kadikoy/kosuyolu-bavul-temizleme.html,Koşuyolu,Kadıköy,Bavul Temizleme,45,133,success,2025-08-16T19:48:01.940063
bolgelerkadikoykosuyolu-hali-yikama.html,https://dryallekurutemizleme.com/bolgeler/kadikoy/kosuyolu-hali-yikama.html,Koşuyolu,Kadıköy,Halı Yıkama,41,129,success,2025-08-16T19:48:01.941645
bolgelerkadikoykosuyolu-koltuk-yikama.html,https://dryallekurutemizleme.com/bolgeler/kadikoy/kosuyolu-koltuk-yikama.html,Koşuyolu,Kadıköy,Koltuk Yıkama,43,131,success,2025-08-16T19:48:01.943024
bolgelerkadikoykosuyolu-perde-temizleme.html,https://dryallekurutemizleme.com/bolgeler/kadikoy/kosuyolu-perde-temizleme.html,Koşuyolu,Kadıköy,Perde Temizleme,45,133,success,2025-08-16T19:48:01.944403
bolgelerkadikoykosuyolu-ev-tekstili-temizligi.html,https://dryallekurutemizleme.com/bolgeler/kadikoy/kosuyolu-ev-tekstili-temizligi.html,Koşuyolu,Kadıköy,Ev Tekstili Temizliği,51,139,success,2025-08-16T19:48:01.946046
bolgelerkadikoykosuyolu-canta-temizleme.html,https://dryallekurutemizleme.com/bolgeler/kadikoy/kosuyolu-canta-temizleme.html,Koşuyolu,Kadıköy,Çanta Temizleme,45,133,success,2025-08-16T19:48:01.947394
bolgelerkadikoykosuyolu-kumas-deri-boyama.html,https://dryallekurutemizleme.com/bolgeler/kadikoy/kosuyolu-kumas-deri-boyama.html,Koşuyolu,Kadıköy,Kumaş Deri Boyama,47,135,success,2025-08-16T19:48:01.948950
bolgelerkadikoykosuyolu-lostra-hizmeti.html,https://dryallekurutemizleme.com/bolgeler/kadikoy/kosuyolu-lostra-hizmeti.html,Koşuyolu,Kadıköy,Lostra Hizmeti,44,132,success,2025-08-16T19:48:01.950576
bolgelerkadikoykosuyolu-utu-hizmetleri.html,https://dryallekurutemizleme.com/bolgeler/kadikoy/kosuyolu-utu-hizmetleri.html,Koşuyolu,Kadıköy,Ütü Hizmetleri,44,132,success,2025-08-16T19:48:01.952134
bolgelerkadikoyaltintepe-kuru-temizleme.html,https://dryallekurutemizleme.com/bolgeler/kadikoy/altintepe-kuru-temizleme.html,Altıntepe,Kadıköy,Kuru Temizleme,45,133,success,2025-08-16T19:48:01.953724
bolgelerkadikoyaltintepe-gelinlik-temizleme.html,https://dryallekurutemizleme.com/bolgeler/kadikoy/altintepe-gelinlik-temizleme.html,Altıntepe,Kadıköy,Gelinlik Temizleme,49,137,success,2025-08-16T19:48:01.955408
bolgelerkadikoyaltintepe-abiye-temizleme.html,https://dryallekurutemizleme.com/bolgeler/kadikoy/altintepe-abiye-temizleme.html,Altıntepe,Kadıköy,Abiye Temizleme,46,134,success,2025-08-16T19:48:01.956565
bolgelerkadikoyaltintepe-valiz-temizleme.html,https://dryallekurutemizleme.com/bolgeler/kadikoy/altintepe-valiz-temizleme.html,Altıntepe,Kadıköy,Valiz Temizleme,46,134,success,2025-08-16T19:48:01.957879
bolgelerkadikoyaltintepe-bavul-temizleme.html,https://dryallekurutemizleme.com/bolgeler/kadikoy/altintepe-bavul-temizleme.html,Altıntepe,Kadıköy,Bavul Temizleme,46,134,success,2025-08-16T19:48:01.958937
bolgelerkadikoyaltintepe-hali-yikama.html,https://dryallekurutemizleme.com/bolgeler/kadikoy/altintepe-hali-yikama.html,Altıntepe,Kadıköy,Halı Yıkama,42,130,success,2025-08-16T19:48:01.960157
bolgelerkadikoyaltintepe-koltuk-yikama.html,https://dryallekurutemizleme.com/bolgeler/kadikoy/altintepe-koltuk-yikama.html,Altıntepe,Kadıköy,Koltuk Yıkama,44,132,success,2025-08-16T19:48:01.961823
bolgelerkadikoyaltintepe-perde-temizleme.html,https://dryallekurutemizleme.com/bolgeler/kadikoy/altintepe-perde-temizleme.html,Altıntepe,Kadıköy,Perde Temizleme,46,134,success,2025-08-16T19:48:01.962901
bolgelerkadikoyaltintepe-ev-tekstili-temizligi.html,https://dryallekurutemizleme.com/bolgeler/kadikoy/altintepe-ev-tekstili-temizligi.html,Altıntepe,Kadıköy,Ev Tekstili Temizliği,52,140,success,2025-08-16T19:48:01.964018
bolgelerkadikoyaltintepe-canta-temizleme.html,https://dryallekurutemizleme.com/bolgeler/kadikoy/altintepe-canta-temizleme.html,Altıntepe,Kadıköy,Çanta Temizleme,46,134,success,2025-08-16T19:48:01.965158
bolgelerkadikoyaltintepe-kumas-deri-boyama.html,https://dryallekurutemizleme.com/bolgeler/kadikoy/altintepe-kumas-deri-boyama.html,Altıntepe,Kadıköy,Kumaş Deri Boyama,48,136,success,2025-08-16T19:48:01.966267
bolgelerkadikoyaltintepe-lostra-hizmeti.html,https://dryallekurutemizleme.com/bolgeler/kadikoy/altintepe-lostra-hizmeti.html,Altıntepe,Kadıköy,Lostra Hizmeti,45,133,success,2025-08-16T19:48:01.967411
bolgelerkadikoyaltintepe-utu-hizmetleri.html,https://dryallekurutemizleme.com/bolgeler/kadikoy/altintepe-utu-hizmetleri.html,Altıntepe,Kadıköy,Ütü Hizmetleri,45,133,success,2025-08-16T19:48:01.968782
bolgelerkadikoyfikirtepe-kuru-temizleme.html,https://dryallekurutemizleme.com/bolgeler/kadikoy/fikirtepe-kuru-temizleme.html,Fikirtepe,Kadıköy,Kuru Temizleme,45,133,success,2025-08-16T19:48:01.970299
bolgelerkadikoyfikirtepe-gelinlik-temizleme.html,https://dryallekurutemizleme.com/bolgeler/kadikoy/fikirtepe-gelinlik-temizleme.html,Fikirtepe,Kadıköy,Gelinlik Temizleme,49,137,success,2025-08-16T19:48:01.971460
bolgelerkadikoyfikirtepe-abiye-temizleme.html,https://dryallekurutemizleme.com/bolgeler/kadikoy/fikirtepe-abiye-temizleme.html,Fikirtepe,Kadıköy,Abiye Temizleme,46,134,success,2025-08-16T19:48:01.972353
bolgelerkadikoyfikirtepe-valiz-temizleme.html,https://dryallekurutemizleme.com/bolgeler/kadikoy/fikirtepe-valiz-temizleme.html,Fikirtepe,Kadıköy,Valiz Temizleme,46,134,success,2025-08-16T19:48:01.973239
bolgelerkadikoyfikirtepe-bavul-temizleme.html,https://dryallekurutemizleme.com/bolgeler/kadikoy/fikirtepe-bavul-temizleme.html,Fikirtepe,Kadıköy,Bavul Temizleme,46,134,success,2025-08-16T19:48:01.974088
bolgelerkadikoyfikirtepe-hali-yikama.html,https://dryallekurutemizleme.com/bolgeler/kadikoy/fikirtepe-hali-yikama.html,Fikirtepe,Kadıköy,Halı Yıkama,42,130,success,2025-08-16T19:48:01.975109
bolgelerkadikoyfikirtepe-koltuk-yikama.html,https://dryallekurutemizleme.com/bolgeler/kadikoy/fikirtepe-koltuk-yikama.html,Fikirtepe,Kadıköy,Koltuk Yıkama,44,132,success,2025-08-16T19:48:01.976261
bolgelerkadikoyfikirtepe-perde-temizleme.html,https://dryallekurutemizleme.com/bolgeler/kadikoy/fikirtepe-perde-temizleme.html,Fikirtepe,Kadıköy,Perde Temizleme,46,134,success,2025-08-16T19:48:01.977527
bolgelerkadikoyfikirtepe-ev-tekstili-temizligi.html,https://dryallekurutemizleme.com/bolgeler/kadikoy/fikirtepe-ev-tekstili-temizligi.html,Fikirtepe,Kadıköy,Ev Tekstili Temizliği,52,140,success,2025-08-16T19:48:01.978643
bolgelerkadikoyfikirtepe-canta-temizleme.html,https://dryallekurutemizleme.com/bolgeler/kadikoy/fikirtepe-canta-temizleme.html,Fikirtepe,Kadıköy,Çanta Temizleme,46,134,success,2025-08-16T19:48:01.979755
bolgelerkadikoyfikirtepe-kumas-deri-boyama.html,https://dryallekurutemizleme.com/bolgeler/kadikoy/fikirtepe-kumas-deri-boyama.html,Fikirtepe,Kadıköy,Kumaş Deri Boyama,48,136,success,2025-08-16T19:48:01.980636
bolgelerkadikoyfikirtepe-lostra-hizmeti.html,https://dryallekurutemizleme.com/bolgeler/kadikoy/fikirtepe-lostra-hizmeti.html,Fikirtepe,Kadıköy,Lostra Hizmeti,45,133,success,2025-08-16T19:48:01.981658
bolgelerkadikoyfikirtepe-utu-hizmetleri.html,https://dryallekurutemizleme.com/bolgeler/kadikoy/fikirtepe-utu-hizmetleri.html,Fikirtepe,Kadıköy,Ütü Hizmetleri,45,133,success,2025-08-16T19:48:01.982745
bolgeleratasehirmerkez-kuru-temizleme.html,https://dryallekurutemizleme.com/bolgeler/atasehir/merkez-kuru-temizleme.html,Ataşehir,Ataşehir,Kuru Temizleme,45,132,success,2025-08-16T19:48:01.983870
bolgeleratasehirmerkez-gelinlik-temizleme.html,https://dryallekurutemizleme.com/bolgeler/atasehir/merkez-gelinlik-temizleme.html,Ataşehir,Ataşehir,Gelinlik Temizleme,49,136,success,2025-08-16T19:48:01.985225
bolgeleratasehirmerkez-abiye-temizleme.html,https://dryallekurutemizleme.com/bolgeler/atasehir/merkez-abiye-temizleme.html,Ataşehir,Ataşehir,Abiye Temizleme,46,133,success,2025-08-16T19:48:01.986487
bolgeleratasehirmerkez-valiz-temizleme.html,https://dryallekurutemizleme.com/bolgeler/atasehir/merkez-valiz-temizleme.html,Ataşehir,Ataşehir,Valiz Temizleme,46,133,success,2025-08-16T19:48:01.987566
bolgeleratasehirmerkez-bavul-temizleme.html,https://dryallekurutemizleme.com/bolgeler/atasehir/merkez-bavul-temizleme.html,Ataşehir,Ataşehir,Bavul Temizleme,46,133,success,2025-08-16T19:48:01.988727
bolgeleratasehirmerkez-hali-yikama.html,https://dryallekurutemizleme.com/bolgeler/atasehir/merkez-hali-yikama.html,Ataşehir,Ataşehir,Halı Yıkama,42,129,success,2025-08-16T19:48:01.989876
bolgeleratasehirmerkez-koltuk-yikama.html,https://dryallekurutemizleme.com/bolgeler/atasehir/merkez-koltuk-yikama.html,Ataşehir,Ataşehir,Koltuk Yıkama,44,131,success,2025-08-16T19:48:01.991416
bolgeleratasehirmerkez-perde-temizleme.html,https://dryallekurutemizleme.com/bolgeler/atasehir/merkez-perde-temizleme.html,Ataşehir,Ataşehir,Perde Temizleme,46,133,success,2025-08-16T19:48:01.992791
bolgeleratasehirmerkez-ev-tekstili-temizligi.html,https://dryallekurutemizleme.com/bolgeler/atasehir/merkez-ev-tekstili-temizligi.html,Ataşehir,Ataşehir,Ev Tekstili Temizliği,52,139,success,2025-08-16T19:48:01.994841
bolgeleratasehirmerkez-canta-temizleme.html,https://dryallekurutemizleme.com/bolgeler/atasehir/merkez-canta-temizleme.html,Ataşehir,Ataşehir,Çanta Temizleme,46,133,success,2025-08-16T19:48:01.996248
bolgeleratasehirmerkez-kumas-deri-boyama.html,https://dryallekurutemizleme.com/bolgeler/atasehir/merkez-kumas-deri-boyama.html,Ataşehir,Ataşehir,Kumaş Deri Boyama,48,135,success,2025-08-16T19:48:01.997621
bolgeleratasehirmerkez-lostra-hizmeti.html,https://dryallekurutemizleme.com/bolgeler/atasehir/merkez-lostra-hizmeti.html,Ataşehir,Ataşehir,Lostra Hizmeti,45,132,success,2025-08-16T19:48:01.999091
bolgeleratasehirmerkez-utu-hizmetleri.html,https://dryallekurutemizleme.com/bolgeler/atasehir/merkez-utu-hizmetleri.html,Ataşehir,Ataşehir,Ütü Hizmetleri,45,132,success,2025-08-16T19:48:02.000655
bolgeleratasehirkucukbakkalkoy-kuru-temizleme.html,https://dryallekurutemizleme.com/bolgeler/atasehir/kucukbakkalkoy-kuru-temizleme.html,Küçükbakkalköy,Ataşehir,Kuru Temizleme,51,138,success,2025-08-16T19:48:02.002224
bolgeleratasehirkucukbakkalkoy-gelinlik-temizleme.html,https://dryallekurutemizleme.com/bolgeler/atasehir/kucukbakkalkoy-gelinlik-temizleme.html,Küçükbakkalköy,Ataşehir,Gelinlik Temizleme,55,142,success,2025-08-16T19:48:02.003736
bolgeleratasehirkucukbakkalkoy-abiye-temizleme.html,https://dryallekurutemizleme.com/bolgeler/atasehir/kucukbakkalkoy-abiye-temizleme.html,Küçükbakkalköy,Ataşehir,Abiye Temizleme,52,139,success,2025-08-16T19:48:02.005453
bolgeleratasehirkucukbakkalkoy-valiz-temizleme.html,https://dryallekurutemizleme.com/bolgeler/atasehir/kucukbakkalkoy-valiz-temizleme.html,Küçükbakkalköy,Ataşehir,Valiz Temizleme,52,139,success,2025-08-16T19:48:02.007115
bolgeleratasehirkucukbakkalkoy-bavul-temizleme.html,https://dryallekurutemizleme.com/bolgeler/atasehir/kucukbakkalkoy-bavul-temizleme.html,Küçükbakkalköy,Ataşehir,Bavul Temizleme,52,139,success,2025-08-16T19:48:02.008674
bolgeleratasehirkucukbakkalkoy-hali-yikama.html,https://dryallekurutemizleme.com/bolgeler/atasehir/kucukbakkalkoy-hali-yikama.html,Küçükbakkalköy,Ataşehir,Halı Yıkama,48,135,success,2025-08-16T19:48:02.010005
bolgeleratasehirkucukbakkalkoy-koltuk-yikama.html,https://dryallekurutemizleme.com/bolgeler/atasehir/kucukbakkalkoy-koltuk-yikama.html,Küçükbakkalköy,Ataşehir,Koltuk Yıkama,50,137,success,2025-08-16T19:48:02.011050
bolgeleratasehirkucukbakkalkoy-perde-temizleme.html,https://dryallekurutemizleme.com/bolgeler/atasehir/kucukbakkalkoy-perde-temizleme.html,Küçükbakkalköy,Ataşehir,Perde Temizleme,52,139,success,2025-08-16T19:48:02.011961
bolgeleratasehirkucukbakkalkoy-ev-tekstili-temizligi.html,https://dryallekurutemizleme.com/bolgeler/atasehir/kucukbakkalkoy-ev-tekstili-temizligi.html,Küçükbakkalköy,Ataşehir,Ev Tekstili Temizliği,58,145,success,2025-08-16T19:48:02.012953
bolgeleratasehirkucukbakkalkoy-canta-temizleme.html,https://dryallekurutemizleme.com/bolgeler/atasehir/kucukbakkalkoy-canta-temizleme.html,Küçükbakkalköy,Ataşehir,Çanta Temizleme,52,139,success,2025-08-16T19:48:02.013875
bolgeleratasehirkucukbakkalkoy-kumas-deri-boyama.html,https://dryallekurutemizleme.com/bolgeler/atasehir/kucukbakkalkoy-kumas-deri-boyama.html,Küçükbakkalköy,Ataşehir,Kumaş Deri Boyama,54,141,success,2025-08-16T19:48:02.014836
bolgeleratasehirkucukbakkalkoy-lostra-hizmeti.html,https://dryallekurutemizleme.com/bolgeler/atasehir/kucukbakkalkoy-lostra-hizmeti.html,Küçükbakkalköy,Ataşehir,Lostra Hizmeti,51,138,success,2025-08-16T19:48:02.015979
bolgeleratasehirkucukbakkalkoy-utu-hizmetleri.html,https://dryallekurutemizleme.com/bolgeler/atasehir/kucukbakkalkoy-utu-hizmetleri.html,Küçükbakkalköy,Ataşehir,Ütü Hizmetleri,51,138,success,2025-08-16T19:48:02.017037
bolgeleratasehirferhatpasa-kuru-temizleme.html,https://dryallekurutemizleme.com/bolgeler/atasehir/ferhatpasa-kuru-temizleme.html,Ferhatpaşa,Ataşehir,Kuru Temizleme,47,134,success,2025-08-16T19:48:02.018257
bolgeleratasehirferhatpasa-gelinlik-temizleme.html,https://dryallekurutemizleme.com/bolgeler/atasehir/ferhatpasa-gelinlik-temizleme.html,Ferhatpaşa,Ataşehir,Gelinlik Temizleme,51,138,success,2025-08-16T19:48:02.019223
bolgeleratasehirferhatpasa-abiye-temizleme.html,https://dryallekurutemizleme.com/bolgeler/atasehir/ferhatpasa-abiye-temizleme.html,Ferhatpaşa,Ataşehir,Abiye Temizleme,48,135,success,2025-08-16T19:48:02.020299
bolgeleratasehirferhatpasa-valiz-temizleme.html,https://dryallekurutemizleme.com/bolgeler/atasehir/ferhatpasa-valiz-temizleme.html,Ferhatpaşa,Ataşehir,Valiz Temizleme,48,135,success,2025-08-16T19:48:02.021774
bolgeleratasehirferhatpasa-bavul-temizleme.html,https://dryallekurutemizleme.com/bolgeler/atasehir/ferhatpasa-bavul-temizleme.html,Ferhatpaşa,Ataşehir,Bavul Temizleme,48,135,success,2025-08-16T19:48:02.022855
bolgeleratasehirferhatpasa-hali-yikama.html,https://dryallekurutemizleme.com/bolgeler/atasehir/ferhatpasa-hali-yikama.html,Ferhatpaşa,Ataşehir,Halı Yıkama,44,131,success,2025-08-16T19:48:02.024499
bolgeleratasehirferhatpasa-koltuk-yikama.html,https://dryallekurutemizleme.com/bolgeler/atasehir/ferhatpasa-koltuk-yikama.html,Ferhatpaşa,Ataşehir,Koltuk Yıkama,46,133,success,2025-08-16T19:48:02.026141
bolgeleratasehirferhatpasa-perde-temizleme.html,https://dryallekurutemizleme.com/bolgeler/atasehir/ferhatpasa-perde-temizleme.html,Ferhatpaşa,Ataşehir,Perde Temizleme,48,135,success,2025-08-16T19:48:02.027320
bolgeleratasehirferhatpasa-ev-tekstili-temizligi.html,https://dryallekurutemizleme.com/bolgeler/atasehir/ferhatpasa-ev-tekstili-temizligi.html,Ferhatpaşa,Ataşehir,Ev Tekstili Temizliği,54,141,success,2025-08-16T19:48:02.028811
bolgeleratasehirferhatpasa-canta-temizleme.html,https://dryallekurutemizleme.com/bolgeler/atasehir/ferhatpasa-canta-temizleme.html,Ferhatpaşa,Ataşehir,Çanta Temizleme,48,135,success,2025-08-16T19:48:02.029925
bolgeleratasehirferhatpasa-kumas-deri-boyama.html,https://dryallekurutemizleme.com/bolgeler/atasehir/ferhatpasa-kumas-deri-boyama.html,Ferhatpaşa,Ataşehir,Kumaş Deri Boyama,50,137,success,2025-08-16T19:48:02.030939
bolgeleratasehirferhatpasa-lostra-hizmeti.html,https://dryallekurutemizleme.com/bolgeler/atasehir/ferhatpasa-lostra-hizmeti.html,Ferhatpaşa,Ataşehir,Lostra Hizmeti,47,134,success,2025-08-16T19:48:02.032397
bolgeleratasehirferhatpasa-utu-hizmetleri.html,https://dryallekurutemizleme.com/bolgeler/atasehir/ferhatpasa-utu-hizmetleri.html,Ferhatpaşa,Ataşehir,Ütü Hizmetleri,47,134,success,2025-08-16T19:48:02.033467
bolgeleratasehirbarbaros-kuru-temizleme.html,https://dryallekurutemizleme.com/bolgeler/atasehir/barbaros-kuru-temizleme.html,Barbaros,Ataşehir,Kuru Temizleme,45,132,success,2025-08-16T19:48:02.034812
bolgeleratasehirbarbaros-gelinlik-temizleme.html,https://dryallekurutemizleme.com/bolgeler/atasehir/barbaros-gelinlik-temizleme.html,Barbaros,Ataşehir,Gelinlik Temizleme,49,136,success,2025-08-16T19:48:02.035889
bolgeleratasehirbarbaros-abiye-temizleme.html,https://dryallekurutemizleme.com/bolgeler/atasehir/barbaros-abiye-temizleme.html,Barbaros,Ataşehir,Abiye Temizleme,46,133,success,2025-08-16T19:48:02.037022
bolgeleratasehirbarbaros-valiz-temizleme.html,https://dryallekurutemizleme.com/bolgeler/atasehir/barbaros-valiz-temizleme.html,Barbaros,Ataşehir,Valiz Temizleme,46,133,success,2025-08-16T19:48:02.038167
bolgeleratasehirbarbaros-bavul-temizleme.html,https://dryallekurutemizleme.com/bolgeler/atasehir/barbaros-bavul-temizleme.html,Barbaros,Ataşehir,Bavul Temizleme,46,133,success,2025-08-16T19:48:02.039326
bolgeleratasehirbarbaros-hali-yikama.html,https://dryallekurutemizleme.com/bolgeler/atasehir/barbaros-hali-yikama.html,Barbaros,Ataşehir,Halı Yıkama,42,129,success,2025-08-16T19:48:02.040857
bolgeleratasehirbarbaros-koltuk-yikama.html,https://dryallekurutemizleme.com/bolgeler/atasehir/barbaros-koltuk-yikama.html,Barbaros,Ataşehir,Koltuk Yıkama,44,131,success,2025-08-16T19:48:02.042206
bolgeleratasehirbarbaros-perde-temizleme.html,https://dryallekurutemizleme.com/bolgeler/atasehir/barbaros-perde-temizleme.html,Barbaros,Ataşehir,Perde Temizleme,46,133,success,2025-08-16T19:48:02.043605
bolgeleratasehirbarbaros-ev-tekstili-temizligi.html,https://dryallekurutemizleme.com/bolgeler/atasehir/barbaros-ev-tekstili-temizligi.html,Barbaros,Ataşehir,Ev Tekstili Temizliği,52,139,success,2025-08-16T19:48:02.045253
bolgeleratasehirbarbaros-canta-temizleme.html,https://dryallekurutemizleme.com/bolgeler/atasehir/barbaros-canta-temizleme.html,Barbaros,Ataşehir,Çanta Temizleme,46,133,success,2025-08-16T19:48:02.046859
bolgeleratasehirbarbaros-kumas-deri-boyama.html,https://dryallekurutemizleme.com/bolgeler/atasehir/barbaros-kumas-deri-boyama.html,Barbaros,Ataşehir,Kumaş Deri Boyama,48,135,success,2025-08-16T19:48:02.048408
bolgeleratasehirbarbaros-lostra-hizmeti.html,https://dryallekurutemizleme.com/bolgeler/atasehir/barbaros-lostra-hizmeti.html,Barbaros,Ataşehir,Lostra Hizmeti,45,132,success,2025-08-16T19:48:02.049997
bolgeleratasehirbarbaros-utu-hizmetleri.html,https://dryallekurutemizleme.com/bolgeler/atasehir/barbaros-utu-hizmetleri.html,Barbaros,Ataşehir,Ütü Hizmetleri,45,132,success,2025-08-16T19:48:02.051670
bolgeleratasehirkayisdagi-kuru-temizleme.html,https://dryallekurutemizleme.com/bolgeler/atasehir/kayisdagi-kuru-temizleme.html,Kayışdağı,Ataşehir,Kuru Temizleme,46,133,success,2025-08-16T19:48:02.053245
bolgeleratasehirkayisdagi-gelinlik-temizleme.html,https://dryallekurutemizleme.com/bolgeler/atasehir/kayisdagi-gelinlik-temizleme.html,Kayışdağı,Ataşehir,Gelinlik Temizleme,50,137,success,2025-08-16T19:48:02.055052
bolgeleratasehirkayisdagi-abiye-temizleme.html,https://dryallekurutemizleme.com/bolgeler/atasehir/kayisdagi-abiye-temizleme.html,Kayışdağı,Ataşehir,Abiye Temizleme,47,134,success,2025-08-16T19:48:02.056367
bolgeleratasehirkayisdagi-valiz-temizleme.html,https://dryallekurutemizleme.com/bolgeler/atasehir/kayisdagi-valiz-temizleme.html,Kayışdağı,Ataşehir,Valiz Temizleme,47,134,success,2025-08-16T19:48:02.057659
bolgeleratasehirkayisdagi-bavul-temizleme.html,https://dryallekurutemizleme.com/bolgeler/atasehir/kayisdagi-bavul-temizleme.html,Kayışdağı,Ataşehir,Bavul Temizleme,47,134,success,2025-08-16T19:48:02.058765
bolgeleratasehirkayisdagi-hali-yikama.html,https://dryallekurutemizleme.com/bolgeler/atasehir/kayisdagi-hali-yikama.html,Kayışdağı,Ataşehir,Halı Yıkama,43,130,success,2025-08-16T19:48:02.059724
bolgeleratasehirkayisdagi-koltuk-yikama.html,https://dryallekurutemizleme.com/bolgeler/atasehir/kayisdagi-koltuk-yikama.html,Kayışdağı,Ataşehir,Koltuk Yıkama,45,132,success,2025-08-16T19:48:02.060846
bolgeleratasehirkayisdagi-perde-temizleme.html,https://dryallekurutemizleme.com/bolgeler/atasehir/kayisdagi-perde-temizleme.html,Kayışdağı,Ataşehir,Perde Temizleme,47,134,success,2025-08-16T19:48:02.061812
bolgeleratasehirkayisdagi-ev-tekstili-temizligi.html,https://dryallekurutemizleme.com/bolgeler/atasehir/kayisdagi-ev-tekstili-temizligi.html,Kayışdağı,Ataşehir,Ev Tekstili Temizliği,53,140,success,2025-08-16T19:48:02.062698
bolgeleratasehirkayisdagi-canta-temizleme.html,https://dryallekurutemizleme.com/bolgeler/atasehir/kayisdagi-canta-temizleme.html,Kayışdağı,Ataşehir,Çanta Temizleme,47,134,success,2025-08-16T19:48:02.063672
bolgeleratasehirkayisdagi-kumas-deri-boyama.html,https://dryallekurutemizleme.com/bolgeler/atasehir/kayisdagi-kumas-deri-boyama.html,Kayışdağı,Ataşehir,Kumaş Deri Boyama,49,136,success,2025-08-16T19:48:02.064640
bolgeleratasehirkayisdagi-lostra-hizmeti.html,https://dryallekurutemizleme.com/bolgeler/atasehir/kayisdagi-lostra-hizmeti.html,Kayışdağı,Ataşehir,Lostra Hizmeti,46,133,success,2025-08-16T19:48:02.065658
bolgeleratasehirkayisdagi-utu-hizmetleri.html,https://dryallekurutemizleme.com/bolgeler/atasehir/kayisdagi-utu-hizmetleri.html,Kayışdağı,Ataşehir,Ütü Hizmetleri,46,133,success,2025-08-16T19:48:02.066786
bolgeleratasehiresatpasa-kuru-temizleme.html,https://dryallekurutemizleme.com/bolgeler/atasehir/esatpasa-kuru-temizleme.html,Esatpaşa,Ataşehir,Kuru Temizleme,45,132,success,2025-08-16T19:48:02.068080
bolgeleratasehiresatpasa-gelinlik-temizleme.html,https://dryallekurutemizleme.com/bolgeler/atasehir/esatpasa-gelinlik-temizleme.html,Esatpaşa,Ataşehir,Gelinlik Temizleme,49,136,success,2025-08-16T19:48:02.069019
bolgeleratasehiresatpasa-abiye-temizleme.html,https://dryallekurutemizleme.com/bolgeler/atasehir/esatpasa-abiye-temizleme.html,Esatpaşa,Ataşehir,Abiye Temizleme,46,133,success,2025-08-16T19:48:02.069910
bolgeleratasehiresatpasa-valiz-temizleme.html,https://dryallekurutemizleme.com/bolgeler/atasehir/esatpasa-valiz-temizleme.html,Esatpaşa,Ataşehir,Valiz Temizleme,46,133,success,2025-08-16T19:48:02.070939
bolgeleratasehiresatpasa-bavul-temizleme.html,https://dryallekurutemizleme.com/bolgeler/atasehir/esatpasa-bavul-temizleme.html,Esatpaşa,Ataşehir,Bavul Temizleme,46,133,success,2025-08-16T19:48:02.072099
bolgeleratasehiresatpasa-hali-yikama.html,https://dryallekurutemizleme.com/bolgeler/atasehir/esatpasa-hali-yikama.html,Esatpaşa,Ataşehir,Halı Yıkama,42,129,success,2025-08-16T19:48:02.073162
bolgeleratasehiresatpasa-koltuk-yikama.html,https://dryallekurutemizleme.com/bolgeler/atasehir/esatpasa-koltuk-yikama.html,Esatpaşa,Ataşehir,Koltuk Yıkama,44,131,success,2025-08-16T19:48:02.074389
bolgeleratasehiresatpasa-perde-temizleme.html,https://dryallekurutemizleme.com/bolgeler/atasehir/esatpasa-perde-temizleme.html,Esatpaşa,Ataşehir,Perde Temizleme,46,133,success,2025-08-16T19:48:02.075729
bolgeleratasehiresatpasa-ev-tekstili-temizligi.html,https://dryallekurutemizleme.com/bolgeler/atasehir/esatpasa-ev-tekstili-temizligi.html,Esatpaşa,Ataşehir,Ev Tekstili Temizliği,52,139,success,2025-08-16T19:48:02.076791
bolgeleratasehiresatpasa-canta-temizleme.html,https://dryallekurutemizleme.com/bolgeler/atasehir/esatpasa-canta-temizleme.html,Esatpaşa,Ataşehir,Çanta Temizleme,46,133,success,2025-08-16T19:48:02.077790
bolgeleratasehiresatpasa-kumas-deri-boyama.html,https://dryallekurutemizleme.com/bolgeler/atasehir/esatpasa-kumas-deri-boyama.html,Esatpaşa,Ataşehir,Kumaş Deri Boyama,48,135,success,2025-08-16T19:48:02.078922
bolgeleratasehiresatpasa-lostra-hizmeti.html,https://dryallekurutemizleme.com/bolgeler/atasehir/esatpasa-lostra-hizmeti.html,Esatpaşa,Ataşehir,Lostra Hizmeti,45,132,success,2025-08-16T19:48:02.079778
bolgeleratasehiresatpasa-utu-hizmetleri.html,https://dryallekurutemizleme.com/bolgeler/atasehir/esatpasa-utu-hizmetleri.html,Esatpaşa,Ataşehir,Ütü Hizmetleri,45,132,success,2025-08-16T19:48:02.080629
bolgeleratasehirmustafa-kemal-kuru-temizleme.html,https://dryallekurutemizleme.com/bolgeler/atasehir/mustafa-kemal-kuru-temizleme.html,Mustafa Kemal,Ataşehir,Kuru Temizleme,50,137,success,2025-08-16T19:48:02.081868
bolgeleratasehirmustafa-kemal-gelinlik-temizleme.html,https://dryallekurutemizleme.com/bolgeler/atasehir/mustafa-kemal-gelinlik-temizleme.html,Mustafa Kemal,Ataşehir,Gelinlik Temizleme,54,141,success,2025-08-16T19:48:02.082964
bolgeleratasehirmustafa-kemal-abiye-temizleme.html,https://dryallekurutemizleme.com/bolgeler/atasehir/mustafa-kemal-abiye-temizleme.html,Mustafa Kemal,Ataşehir,Abiye Temizleme,51,138,success,2025-08-16T19:48:02.084382
bolgeleratasehirmustafa-kemal-valiz-temizleme.html,https://dryallekurutemizleme.com/bolgeler/atasehir/mustafa-kemal-valiz-temizleme.html,Mustafa Kemal,Ataşehir,Valiz Temizleme,51,138,success,2025-08-16T19:48:02.085623
bolgeleratasehirmustafa-kemal-bavul-temizleme.html,https://dryallekurutemizleme.com/bolgeler/atasehir/mustafa-kemal-bavul-temizleme.html,Mustafa Kemal,Ataşehir,Bavul Temizleme,51,138,success,2025-08-16T19:48:02.087107
bolgeleratasehirmustafa-kemal-hali-yikama.html,https://dryallekurutemizleme.com/bolgeler/atasehir/mustafa-kemal-hali-yikama.html,Mustafa Kemal,Ataşehir,Halı Yıkama,47,134,success,2025-08-16T19:48:02.088323
bolgeleratasehirmustafa-kemal-koltuk-yikama.html,https://dryallekurutemizleme.com/bolgeler/atasehir/mustafa-kemal-koltuk-yikama.html,Mustafa Kemal,Ataşehir,Koltuk Yıkama,49,136,success,2025-08-16T19:48:02.089383
bolgeleratasehirmustafa-kemal-perde-temizleme.html,https://dryallekurutemizleme.com/bolgeler/atasehir/mustafa-kemal-perde-temizleme.html,Mustafa Kemal,Ataşehir,Perde Temizleme,51,138,success,2025-08-16T19:48:02.090817
bolgeleratasehirmustafa-kemal-ev-tekstili-temizligi.html,https://dryallekurutemizleme.com/bolgeler/atasehir/mustafa-kemal-ev-tekstili-temizligi.html,Mustafa Kemal,Ataşehir,Ev Tekstili Temizliği,57,144,success,2025-08-16T19:48:02.092199
bolgeleratasehirmustafa-kemal-canta-temizleme.html,https://dryallekurutemizleme.com/bolgeler/atasehir/mustafa-kemal-canta-temizleme.html,Mustafa Kemal,Ataşehir,Çanta Temizleme,51,138,success,2025-08-16T19:48:02.093531
bolgeleratasehirmustafa-kemal-kumas-deri-boyama.html,https://dryallekurutemizleme.com/bolgeler/atasehir/mustafa-kemal-kumas-deri-boyama.html,Mustafa Kemal,Ataşehir,Kumaş Deri Boyama,53,140,success,2025-08-16T19:48:02.094856
bolgeleratasehirmustafa-kemal-lostra-hizmeti.html,https://dryallekurutemizleme.com/bolgeler/atasehir/mustafa-kemal-lostra-hizmeti.html,Mustafa Kemal,Ataşehir,Lostra Hizmeti,50,137,success,2025-08-16T19:48:02.096184
bolgeleratasehirmustafa-kemal-utu-hizmetleri.html,https://dryallekurutemizleme.com/bolgeler/atasehir/mustafa-kemal-utu-hizmetleri.html,Mustafa Kemal,Ataşehir,Ütü Hizmetleri,50,137,success,2025-08-16T19:48:02.097408
bolgeleratasehiryenisahra-kuru-temizleme.html,https://dryallekurutemizleme.com/bolgeler/atasehir/yenisahra-kuru-temizleme.html,Yenisahra,Ataşehir,Kuru Temizleme,46,133,success,2025-08-16T19:48:02.098757
bolgeleratasehiryenisahra-gelinlik-temizleme.html,https://dryallekurutemizleme.com/bolgeler/atasehir/yenisahra-gelinlik-temizleme.html,Yenisahra,Ataşehir,Gelinlik Temizleme,50,137,success,2025-08-16T19:48:02.100347
bolgeleratasehiryenisahra-abiye-temizleme.html,https://dryallekurutemizleme.com/bolgeler/atasehir/yenisahra-abiye-temizleme.html,Yenisahra,Ataşehir,Abiye Temizleme,47,134,success,2025-08-16T19:48:02.101853
bolgeleratasehiryenisahra-valiz-temizleme.html,https://dryallekurutemizleme.com/bolgeler/atasehir/yenisahra-valiz-temizleme.html,Yenisahra,Ataşehir,Valiz Temizleme,47,134,success,2025-08-16T19:48:02.103389
bolgeleratasehiryenisahra-bavul-temizleme.html,https://dryallekurutemizleme.com/bolgeler/atasehir/yenisahra-bavul-temizleme.html,Yenisahra,Ataşehir,Bavul Temizleme,47,134,success,2025-08-16T19:48:02.105102
bolgeleratasehiryenisahra-hali-yikama.html,https://dryallekurutemizleme.com/bolgeler/atasehir/yenisahra-hali-yikama.html,Yenisahra,Ataşehir,Halı Yıkama,43,130,success,2025-08-16T19:48:02.106641
bolgeleratasehiryenisahra-koltuk-yikama.html,https://dryallekurutemizleme.com/bolgeler/atasehir/yenisahra-koltuk-yikama.html,Yenisahra,Ataşehir,Koltuk Yıkama,45,132,success,2025-08-16T19:48:02.107629
bolgeleratasehiryenisahra-perde-temizleme.html,https://dryallekurutemizleme.com/bolgeler/atasehir/yenisahra-perde-temizleme.html,Yenisahra,Ataşehir,Perde Temizleme,47,134,success,2025-08-16T19:48:02.108627
bolgeleratasehiryenisahra-ev-tekstili-temizligi.html,https://dryallekurutemizleme.com/bolgeler/atasehir/yenisahra-ev-tekstili-temizligi.html,Yenisahra,Ataşehir,Ev Tekstili Temizliği,53,140,success,2025-08-16T19:48:02.109534
bolgeleratasehiryenisahra-canta-temizleme.html,https://dryallekurutemizleme.com/bolgeler/atasehir/yenisahra-canta-temizleme.html,Yenisahra,Ataşehir,Çanta Temizleme,47,134,success,2025-08-16T19:48:02.110451
bolgeleratasehiryenisahra-kumas-deri-boyama.html,https://dryallekurutemizleme.com/bolgeler/atasehir/yenisahra-kumas-deri-boyama.html,Yenisahra,Ataşehir,Kumaş Deri Boyama,49,136,success,2025-08-16T19:48:02.111350
bolgeleratasehiryenisahra-lostra-hizmeti.html,https://dryallekurutemizleme.com/bolgeler/atasehir/yenisahra-lostra-hizmeti.html,Yenisahra,Ataşehir,Lostra Hizmeti,46,133,success,2025-08-16T19:48:02.112255
bolgeleratasehiryenisahra-utu-hizmetleri.html,https://dryallekurutemizleme.com/bolgeler/atasehir/yenisahra-utu-hizmetleri.html,Yenisahra,Ataşehir,Ütü Hizmetleri,46,133,success,2025-08-16T19:48:02.113116
bolgeleratasehirinonu-kuru-temizleme.html,https://dryallekurutemizleme.com/bolgeler/atasehir/inonu-kuru-temizleme.html,İnönü,Ataşehir,Kuru Temizleme,42,129,success,2025-08-16T19:48:02.114006
bolgeleratasehirinonu-gelinlik-temizleme.html,https://dryallekurutemizleme.com/bolgeler/atasehir/inonu-gelinlik-temizleme.html,İnönü,Ataşehir,Gelinlik Temizleme,46,133,success,2025-08-16T19:48:02.114988
bolgeleratasehirinonu-abiye-temizleme.html,https://dryallekurutemizleme.com/bolgeler/atasehir/inonu-abiye-temizleme.html,İnönü,Ataşehir,Abiye Temizleme,43,130,success,2025-08-16T19:48:02.116010
bolgeleratasehirinonu-valiz-temizleme.html,https://dryallekurutemizleme.com/bolgeler/atasehir/inonu-valiz-temizleme.html,İnönü,Ataşehir,Valiz Temizleme,43,130,success,2025-08-16T19:48:02.117083
bolgeleratasehirinonu-bavul-temizleme.html,https://dryallekurutemizleme.com/bolgeler/atasehir/inonu-bavul-temizleme.html,İnönü,Ataşehir,Bavul Temizleme,43,130,success,2025-08-16T19:48:02.118180
bolgeleratasehirinonu-hali-yikama.html,https://dryallekurutemizleme.com/bolgeler/atasehir/inonu-hali-yikama.html,İnönü,Ataşehir,Halı Yıkama,39,126,success,2025-08-16T19:48:02.119157
bolgeleratasehirinonu-koltuk-yikama.html,https://dryallekurutemizleme.com/bolgeler/atasehir/inonu-koltuk-yikama.html,İnönü,Ataşehir,Koltuk Yıkama,41,128,success,2025-08-16T19:48:02.119996
bolgeleratasehirinonu-perde-temizleme.html,https://dryallekurutemizleme.com/bolgeler/atasehir/inonu-perde-temizleme.html,İnönü,Ataşehir,Perde Temizleme,43,130,success,2025-08-16T19:48:02.120967
bolgeleratasehirinonu-ev-tekstili-temizligi.html,https://dryallekurutemizleme.com/bolgeler/atasehir/inonu-ev-tekstili-temizligi.html,İnönü,Ataşehir,Ev Tekstili Temizliği,49,136,success,2025-08-16T19:48:02.121925
bolgeleratasehirinonu-canta-temizleme.html,https://dryallekurutemizleme.com/bolgeler/atasehir/inonu-canta-temizleme.html,İnönü,Ataşehir,Çanta Temizleme,43,130,success,2025-08-16T19:48:02.122791
bolgeleratasehirinonu-kumas-deri-boyama.html,https://dryallekurutemizleme.com/bolgeler/atasehir/inonu-kumas-deri-boyama.html,İnönü,Ataşehir,Kumaş Deri Boyama,45,132,success,2025-08-16T19:48:02.123909
bolgeleratasehirinonu-lostra-hizmeti.html,https://dryallekurutemizleme.com/bolgeler/atasehir/inonu-lostra-hizmeti.html,İnönü,Ataşehir,Lostra Hizmeti,42,129,success,2025-08-16T19:48:02.124946
bolgeleratasehirinonu-utu-hizmetleri.html,https://dryallekurutemizleme.com/bolgeler/atasehir/inonu-utu-hizmetleri.html,İnönü,Ataşehir,Ütü Hizmetleri,42,129,success,2025-08-16T19:48:02.126212
bolgeleratasehirornek-kuru-temizleme.html,https://dryallekurutemizleme.com/bolgeler/atasehir/ornek-kuru-temizleme.html,Örnek,Ataşehir,Kuru Temizleme,42,129,success,2025-08-16T19:48:02.127160
bolgeleratasehirornek-gelinlik-temizleme.html,https://dryallekurutemizleme.com/bolgeler/atasehir/ornek-gelinlik-temizleme.html,Örnek,Ataşehir,Gelinlik Temizleme,46,133,success,2025-08-16T19:48:02.128068
bolgeleratasehirornek-abiye-temizleme.html,https://dryallekurutemizleme.com/bolgeler/atasehir/ornek-abiye-temizleme.html,Örnek,Ataşehir,Abiye Temizleme,43,130,success,2025-08-16T19:48:02.128912
bolgeleratasehirornek-valiz-temizleme.html,https://dryallekurutemizleme.com/bolgeler/atasehir/ornek-valiz-temizleme.html,Örnek,Ataşehir,Valiz Temizleme,43,130,success,2025-08-16T19:48:02.129838
bolgeleratasehirornek-bavul-temizleme.html,https://dryallekurutemizleme.com/bolgeler/atasehir/ornek-bavul-temizleme.html,Örnek,Ataşehir,Bavul Temizleme,43,130,success,2025-08-16T19:48:02.130822
bolgeleratasehirornek-hali-yikama.html,https://dryallekurutemizleme.com/bolgeler/atasehir/ornek-hali-yikama.html,Örnek,Ataşehir,Halı Yıkama,39,126,success,2025-08-16T19:48:02.132231
bolgeleratasehirornek-koltuk-yikama.html,https://dryallekurutemizleme.com/bolgeler/atasehir/ornek-koltuk-yikama.html,Örnek,Ataşehir,Koltuk Yıkama,41,128,success,2025-08-16T19:48:02.133270
bolgeleratasehirornek-perde-temizleme.html,https://dryallekurutemizleme.com/bolgeler/atasehir/ornek-perde-temizleme.html,Örnek,Ataşehir,Perde Temizleme,43,130,success,2025-08-16T19:48:02.134330
bolgeleratasehirornek-ev-tekstili-temizligi.html,https://dryallekurutemizleme.com/bolgeler/atasehir/ornek-ev-tekstili-temizligi.html,Örnek,Ataşehir,Ev Tekstili Temizliği,49,136,success,2025-08-16T19:48:02.135321
bolgeleratasehirornek-canta-temizleme.html,https://dryallekurutemizleme.com/bolgeler/atasehir/ornek-canta-temizleme.html,Örnek,Ataşehir,Çanta Temizleme,43,130,success,2025-08-16T19:48:02.136179
bolgeleratasehirornek-kumas-deri-boyama.html,https://dryallekurutemizleme.com/bolgeler/atasehir/ornek-kumas-deri-boyama.html,Örnek,Ataşehir,Kumaş Deri Boyama,45,132,success,2025-08-16T19:48:02.137175
bolgeleratasehirornek-lostra-hizmeti.html,https://dryallekurutemizleme.com/bolgeler/atasehir/ornek-lostra-hizmeti.html,Örnek,Ataşehir,Lostra Hizmeti,42,129,success,2025-08-16T19:48:02.138138
bolgeleratasehirornek-utu-hizmetleri.html,https://dryallekurutemizleme.com/bolgeler/atasehir/ornek-utu-hizmetleri.html,Örnek,Ataşehir,Ütü Hizmetleri,42,129,success,2025-08-16T19:48:02.139121
bolgeleratasehirosb-kuru-temizleme.html,https://dryallekurutemizleme.com/bolgeler/atasehir/osb-kuru-temizleme.html,Ataşehir OSB,Ataşehir,Kuru Temizleme,49,136,success,2025-08-16T19:48:02.140515
bolgeleratasehirosb-gelinlik-temizleme.html,https://dryallekurutemizleme.com/bolgeler/atasehir/osb-gelinlik-temizleme.html,Ataşehir OSB,Ataşehir,Gelinlik Temizleme,53,140,success,2025-08-16T19:48:02.142157
bolgeleratasehirosb-abiye-temizleme.html,https://dryallekurutemizleme.com/bolgeler/atasehir/osb-abiye-temizleme.html,Ataşehir OSB,Ataşehir,Abiye Temizleme,50,137,success,2025-08-16T19:48:02.143835
bolgeleratasehirosb-valiz-temizleme.html,https://dryallekurutemizleme.com/bolgeler/atasehir/osb-valiz-temizleme.html,Ataşehir OSB,Ataşehir,Valiz Temizleme,50,137,success,2025-08-16T19:48:02.145249
bolgeleratasehirosb-bavul-temizleme.html,https://dryallekurutemizleme.com/bolgeler/atasehir/osb-bavul-temizleme.html,Ataşehir OSB,Ataşehir,Bavul Temizleme,50,137,success,2025-08-16T19:48:02.146534
bolgeleratasehirosb-hali-yikama.html,https://dryallekurutemizleme.com/bolgeler/atasehir/osb-hali-yikama.html,Ataşehir OSB,Ataşehir,Halı Yıkama,46,133,success,2025-08-16T19:48:02.147895
bolgeleratasehirosb-koltuk-yikama.html,https://dryallekurutemizleme.com/bolgeler/atasehir/osb-koltuk-yikama.html,Ataşehir OSB,Ataşehir,Koltuk Yıkama,48,135,success,2025-08-16T19:48:02.149198
bolgeleratasehirosb-perde-temizleme.html,https://dryallekurutemizleme.com/bolgeler/atasehir/osb-perde-temizleme.html,Ataşehir OSB,Ataşehir,Perde Temizleme,50,137,success,2025-08-16T19:48:02.150769
bolgeleratasehirosb-ev-tekstili-temizligi.html,https://dryallekurutemizleme.com/bolgeler/atasehir/osb-ev-tekstili-temizligi.html,Ataşehir OSB,Ataşehir,Ev Tekstili Temizliği,56,143,success,2025-08-16T19:48:02.152280
bolgeleratasehirosb-canta-temizleme.html,https://dryallekurutemizleme.com/bolgeler/atasehir/osb-canta-temizleme.html,Ataşehir OSB,Ataşehir,Çanta Temizleme,50,137,success,2025-08-16T19:48:02.153728
bolgeleratasehirosb-kumas-deri-boyama.html,https://dryallekurutemizleme.com/bolgeler/atasehir/osb-kumas-deri-boyama.html,Ataşehir OSB,Ataşehir,Kumaş Deri Boyama,52,139,success,2025-08-16T19:48:02.155343
bolgeleratasehirosb-lostra-hizmeti.html,https://dryallekurutemizleme.com/bolgeler/atasehir/osb-lostra-hizmeti.html,Ataşehir OSB,Ataşehir,Lostra Hizmeti,49,136,success,2025-08-16T19:48:02.156647
bolgeleratasehirosb-utu-hizmetleri.html,https://dryallekurutemizleme.com/bolgeler/atasehir/osb-utu-hizmetleri.html,Ataşehir OSB,Ataşehir,Ütü Hizmetleri,49,136,success,2025-08-16T19:48:02.158029
bolgeleratasehirbati-kuru-temizleme.html,https://dryallekurutemizleme.com/bolgeler/atasehir/bati-kuru-temizleme.html,Batı Ataşehir,Ataşehir,Kuru Temizleme,50,137,success,2025-08-16T19:48:02.159246
bolgeleratasehirbati-gelinlik-temizleme.html,https://dryallekurutemizleme.com/bolgeler/atasehir/bati-gelinlik-temizleme.html,Batı Ataşehir,Ataşehir,Gelinlik Temizleme,54,141,success,2025-08-16T19:48:02.160424
bolgeleratasehirbati-abiye-temizleme.html,https://dryallekurutemizleme.com/bolgeler/atasehir/bati-abiye-temizleme.html,Batı Ataşehir,Ataşehir,Abiye Temizleme,51,138,success,2025-08-16T19:48:02.161422
bolgeleratasehirbati-valiz-temizleme.html,https://dryallekurutemizleme.com/bolgeler/atasehir/bati-valiz-temizleme.html,Batı Ataşehir,Ataşehir,Valiz Temizleme,51,138,success,2025-08-16T19:48:02.162422
bolgeleratasehirbati-bavul-temizleme.html,https://dryallekurutemizleme.com/bolgeler/atasehir/bati-bavul-temizleme.html,Batı Ataşehir,Ataşehir,Bavul Temizleme,51,138,success,2025-08-16T19:48:02.163733
bolgeleratasehirbati-hali-yikama.html,https://dryallekurutemizleme.com/bolgeler/atasehir/bati-hali-yikama.html,Batı Ataşehir,Ataşehir,Halı Yıkama,47,134,success,2025-08-16T19:48:02.164935
bolgeleratasehirbati-koltuk-yikama.html,https://dryallekurutemizleme.com/bolgeler/atasehir/bati-koltuk-yikama.html,Batı Ataşehir,Ataşehir,Koltuk Yıkama,49,136,success,2025-08-16T19:48:02.166218
bolgeleratasehirbati-perde-temizleme.html,https://dryallekurutemizleme.com/bolgeler/atasehir/bati-perde-temizleme.html,Batı Ataşehir,Ataşehir,Perde Temizleme,51,138,success,2025-08-16T19:48:02.167443
bolgeleratasehirbati-ev-tekstili-temizligi.html,https://dryallekurutemizleme.com/bolgeler/atasehir/bati-ev-tekstili-temizligi.html,Batı Ataşehir,Ataşehir,Ev Tekstili Temizliği,57,144,success,2025-08-16T19:48:02.168704
bolgeleratasehirbati-canta-temizleme.html,https://dryallekurutemizleme.com/bolgeler/atasehir/bati-canta-temizleme.html,Batı Ataşehir,Ataşehir,Çanta Temizleme,51,138,success,2025-08-16T19:48:02.169601
bolgeleratasehirbati-kumas-deri-boyama.html,https://dryallekurutemizleme.com/bolgeler/atasehir/bati-kumas-deri-boyama.html,Batı Ataşehir,Ataşehir,Kumaş Deri Boyama,53,140,success,2025-08-16T19:48:02.170479
bolgeleratasehirbati-lostra-hizmeti.html,https://dryallekurutemizleme.com/bolgeler/atasehir/bati-lostra-hizmeti.html,Batı Ataşehir,Ataşehir,Lostra Hizmeti,50,137,success,2025-08-16T19:48:02.171602
bolgeleratasehirbati-utu-hizmetleri.html,https://dryallekurutemizleme.com/bolgeler/atasehir/bati-utu-hizmetleri.html,Batı Ataşehir,Ataşehir,Ütü Hizmetleri,50,137,success,2025-08-16T19:48:02.172548
