Page Path,Page Type,Existing URL,Standard URL,Status,Total Issues,Title Issue,H1 Issue,Meta Issue,URL Issue,Existing Title,Standard Title,Existing H1,Standard H1,Existing Meta,Standard Meta
blog/canta-temizleme/index.html,Blog Category,https://dryallekurutemizleme.com/blog/canta-temizleme/,https://dryallekurutemizleme.com/blog/canta-temizleme/,NEEDS UPDATE,2,YES,NO,YES,NO,Çanta Temizleme Blog | İstanbul Anadolu Yakası Çanta Bakım Rehberleri,Çanta Temizleme Blog | İstanbul Anadolu Yakası Çanta Temizleme Rehberleri,,,İstanbul Anadolu Yakası,İstanbul Anadolu Yakası çanta temizleme hakkında uzman rehberleri ve tavsiyeleri. Profesyonel bakım ipuçları ve hizmet bilgileri.
blog/ev-tekstili/index.html,Blog Category,https://dryallekurutemizleme.com/blog/ev-tekstili/,https://dryallekurutemizleme.com/blog/ev-tekstili/,NEEDS UPDATE,3,YES,YES,YES,NO,Ev Tekstili Blog | İstanbul Anadolu Yakası Ev Tekstili Bakım Rehberleri,Ev Tekstili Blog | İstanbul Anadolu Yakası Ev Tekstili Rehberleri,Ev Tekstili Bakım Rehberleri,Ev Tekstili Rehberleri,İstanbul Anadolu Yakası,İstanbul Anadolu Yakası ev tekstili hakkında uzman rehberleri ve tavsiyeleri. Profesyonel bakım ipuçları ve hizmet bilgileri.
blog/hali-yikama/index.html,Blog Category,https://dryallekurutemizleme.com/blog/hali-yikama/,https://dryallekurutemizleme.com/blog/hali-yikama/,NEEDS UPDATE,2,YES,NO,YES,NO,Halı Yıkama Blog | İstanbul Anadolu Yakası Halı Temizleme Rehberleri,Halı Yıkama Blog | İstanbul Anadolu Yakası Halı Yıkama Rehberleri,,,İstanbul Anadolu Yakası,İstanbul Anadolu Yakası halı yıkama hakkında uzman rehberleri ve tavsiyeleri. Profesyonel bakım ipuçları ve hizmet bilgileri.
blog/index.html,Blog Category,https://dryallekurutemizleme.com/blog/,https://dryallekurutemizleme.com/blog/,NEEDS UPDATE,1,NO,NO,YES,NO,,,,,"Kuru temizleme, halı yıkama, koltuk temizleme ve tekstil bakımı hakkında uzman tavsiyeleri. İstanbul","Kuru temizleme, halı yıkama, koltuk temizleme ve tekstil bakımı hakkında uzman tavsiyeleri. İstanbul Anadolu Yakası'nda 25 yıllık deneyim."
blog/koltuk-yikama/index.html,Blog Category,https://dryallekurutemizleme.com/blog/koltuk-yikama/,https://dryallekurutemizleme.com/blog/koltuk-yikama/,NEEDS UPDATE,2,YES,NO,YES,NO,Koltuk Yıkama Blog | İstanbul Anadolu Yakası Koltuk Temizleme Rehberleri,Koltuk Yıkama Blog | İstanbul Anadolu Yakası Koltuk Yıkama Rehberleri,,,İstanbul Anadolu Yakası,İstanbul Anadolu Yakası koltuk yıkama hakkında uzman rehberleri ve tavsiyeleri. Profesyonel bakım ipuçları ve hizmet bilgileri.
blog/kumas-deri-boyama/index.html,Blog Category,https://dryallekurutemizleme.com/blog/kumas-deri-boyama/,https://dryallekurutemizleme.com/blog/kumas-deri-boyama/,NEEDS UPDATE,2,YES,NO,YES,NO,Kumaş Deri Boyama Blog | İstanbul Anadolu Yakası Renk Yenileme Rehberleri,Kumaş Deri Boyama Blog | İstanbul Anadolu Yakası Kumaş Deri Boyama Rehberleri,,,İstanbul Anadolu Yakası,İstanbul Anadolu Yakası kumaş deri boyama hakkında uzman rehberleri ve tavsiyeleri. Profesyonel bakım ipuçları ve hizmet bilgileri.
blog/kuru-temizleme/index.html,Blog Category,https://dryallekurutemizleme.com/blog/kuru-temizleme/,https://dryallekurutemizleme.com/blog/kuru-temizleme/,NEEDS UPDATE,2,YES,NO,YES,NO,Kuru Temizleme Blog | İstanbul Hassas Kumaş Temizleme Rehberleri,Kuru Temizleme Blog | İstanbul Anadolu Yakası Kuru Temizleme Rehberleri,,,İstanbul,İstanbul Anadolu Yakası kuru temizleme hakkında uzman rehberleri ve tavsiyeleri. Profesyonel bakım ipuçları ve hizmet bilgileri.
blog/lostra-hizmeti/index.html,Blog Category,https://dryallekurutemizleme.com/blog/lostra-hizmeti/,https://dryallekurutemizleme.com/blog/lostra-hizmeti/,NEEDS UPDATE,2,YES,NO,YES,NO,Lostra Hizmeti Blog | İstanbul Anadolu Yakası Ayakkabı Parlatma Rehberleri,Lostra Hizmeti Blog | İstanbul Anadolu Yakası Lostra Hizmeti Rehberleri,,,İstanbul Anadolu Yakası,İstanbul Anadolu Yakası lostra hizmeti hakkında uzman rehberleri ve tavsiyeleri. Profesyonel bakım ipuçları ve hizmet bilgileri.
blog/perde-temizleme/index.html,Blog Category,https://dryallekurutemizleme.com/blog/perde-temizleme/,https://dryallekurutemizleme.com/blog/perde-temizleme/,NEEDS UPDATE,2,YES,NO,YES,NO,Perde Temizleme Blog | İstanbul Anadolu Yakası Perde Bakım Rehberleri,Perde Temizleme Blog | İstanbul Anadolu Yakası Perde Temizleme Rehberleri,,,İstanbul Anadolu Yakası,İstanbul Anadolu Yakası perde temizleme hakkında uzman rehberleri ve tavsiyeleri. Profesyonel bakım ipuçları ve hizmet bilgileri.
blog/utu-hizmetleri/index.html,Blog Category,https://dryallekurutemizleme.com/blog/utu-hizmetleri/,https://dryallekurutemizleme.com/blog/utu-hizmetleri/,NEEDS UPDATE,2,YES,NO,YES,NO,Ütü Hizmetleri Blog | İstanbul Anadolu Yakası Profesyonel Ütüleme Rehberleri,Ütü Hizmetleri Blog | İstanbul Anadolu Yakası Ütü Hizmetleri Rehberleri,,,İstanbul Anadolu Yakası,İstanbul Anadolu Yakası ütü hizmetleri hakkında uzman rehberleri ve tavsiyeleri. Profesyonel bakım ipuçları ve hizmet bilgileri.
hizmetler/canta-temizleme.html,Service Page,https://dryallekurutemizleme.com/hizmetler/canta-temizleme.html,https://dryallekurutemizleme.com/hizmetler/canta-temizleme.html,NEEDS UPDATE,3,YES,YES,YES,NO,Çanta Temizleme İstanbul Acıbadem Suadiye | Dry Alle Kuru Temizleme,Çanta Temizleme İstanbul Kadıköy Ataşehir | Dry Alle,Çanta Temizleme İstanbul,İstanbul Çanta Temizleme Hizmeti,İstanbul,"İstanbul Kadıköy ve Ataşehir'de profesyonel çanta temizleme hizmeti. 25 yıllık deneyim, ücretsiz teslimat. Anadolu Yakası'nın tüm semtlerine hizmet."
hizmetler/ev-tekstili-temizligi.html,Service Page,https://dryallekurutemizleme.com/hizmetler/ev-tekstili-temizligi.html,https://dryallekurutemizleme.com/hizmetler/ev-tekstili-temizligi.html,NEEDS UPDATE,3,YES,YES,YES,NO,Ev Tekstili Temizliği İstanbul Acıbadem Suadiye | Dry Alle Kuru Temizleme,Ev Tekstili Temizliği İstanbul Kadıköy Ataşehir | Dry Alle,Ev Tekstili Temizliği İstanbul,İstanbul Ev Tekstili Temizliği Hizmeti,İstanbul,"İstanbul Kadıköy ve Ataşehir'de profesyonel ev tekstili temizliği hizmeti. 25 yıllık deneyim, ücretsiz teslimat. Anadolu Yakası'nın tüm semtlerine hizmet."
hizmetler/hali-yikama.html,Service Page,https://dryallekurutemizleme.com/hizmetler/hali-yikama.html,https://dryallekurutemizleme.com/hizmetler/hali-yikama.html,NEEDS UPDATE,3,YES,YES,YES,NO,Halı Yıkama Hizmeti İstanbul Kadıköy Ataşehir | Dry Alle Kuru Temizleme,Halı Yıkama İstanbul Kadıköy Ataşehir | Dry Alle,Profesyonel Halı Yıkama Hizmeti,İstanbul Halı Yıkama Hizmeti,İstanbul Kadıköy ve Ataşehir,"İstanbul Kadıköy ve Ataşehir'de profesyonel halı yıkama hizmeti. 25 yıllık deneyim, ücretsiz teslimat. Anadolu Yakası'nın tüm semtlerine hizmet."
hizmetler/koltuk-yikama.html,Service Page,https://dryallekurutemizleme.com/hizmetler/koltuk-yikama.html,https://dryallekurutemizleme.com/hizmetler/koltuk-yikama.html,NEEDS UPDATE,3,YES,YES,YES,NO,Koltuk Yıkama Hizmeti İstanbul Kadıköy Ataşehir | Dry Alle Kuru Temizleme,Koltuk Yıkama İstanbul Kadıköy Ataşehir | Dry Alle,İstanbul Anadolu Yakası Koltuk Yıkama Hizmeti,İstanbul Koltuk Yıkama Hizmeti,İstanbul Kadıköy ve Ataşehir,"İstanbul Kadıköy ve Ataşehir'de profesyonel koltuk yıkama hizmeti. 25 yıllık deneyim, ücretsiz teslimat. Anadolu Yakası'nın tüm semtlerine hizmet."
hizmetler/kumas-deri-boyama.html,Service Page,https://dryallekurutemizleme.com/hizmetler/kumas-deri-boyama.html,https://dryallekurutemizleme.com/hizmetler/kumas-deri-boyama.html,NEEDS UPDATE,3,YES,YES,YES,NO,Kumaş ve Deri Boyama İstanbul Acıbadem Suadiye | Dry Alle Kuru Temizleme,Kumaş Deri Boyama İstanbul Kadıköy Ataşehir | Dry Alle,Kumaş ve Deri Boyama İstanbul,İstanbul Kumaş Deri Boyama Hizmeti,İstanbul,"İstanbul Kadıköy ve Ataşehir'de profesyonel kumaş deri boyama hizmeti. 25 yıllık deneyim, ücretsiz teslimat. Anadolu Yakası'nın tüm semtlerine hizmet."
hizmetler/kuru-temizleme.html,Service Page,https://dryallekurutemizleme.com/hizmetler/kuru-temizleme.html,https://dryallekurutemizleme.com/hizmetler/kuru-temizleme.html,NEEDS UPDATE,3,YES,YES,YES,NO,Kuru Temizleme Hizmeti İstanbul Kadıköy Ataşehir | Dry Alle Kuru Temizleme,Kuru Temizleme İstanbul Kadıköy Ataşehir | Dry Alle,Profesyonel Kuru Temizleme Hizmeti,İstanbul Kuru Temizleme Hizmeti,İstanbul Kadıköy ve Ataşehir,"İstanbul Kadıköy ve Ataşehir'de profesyonel kuru temizleme hizmeti. 25 yıllık deneyim, ücretsiz teslimat. Anadolu Yakası'nın tüm semtlerine hizmet."
hizmetler/lostra-hizmeti.html,Service Page,https://dryallekurutemizleme.com/hizmetler/lostra-hizmeti.html,https://dryallekurutemizleme.com/hizmetler/lostra-hizmeti.html,NEEDS UPDATE,3,YES,YES,YES,NO,Lostra Hizmeti İstanbul Acıbadem Suadiye | Dry Alle Kuru Temizleme,Lostra Hizmeti İstanbul Kadıköy Ataşehir | Dry Alle,Lostra Hizmeti İstanbul,İstanbul Lostra Hizmeti Hizmeti,İstanbul,"İstanbul Kadıköy ve Ataşehir'de profesyonel lostra hizmeti hizmeti. 25 yıllık deneyim, ücretsiz teslimat. Anadolu Yakası'nın tüm semtlerine hizmet."
hizmetler/perde-temizleme.html,Service Page,https://dryallekurutemizleme.com/hizmetler/perde-temizleme.html,https://dryallekurutemizleme.com/hizmetler/perde-temizleme.html,NEEDS UPDATE,3,YES,YES,YES,NO,Perde Temizleme İstanbul Acıbadem Suadiye | Dry Alle Kuru Temizleme,Perde Temizleme İstanbul Kadıköy Ataşehir | Dry Alle,Perde Temizleme İstanbul,İstanbul Perde Temizleme Hizmeti,İstanbul,"İstanbul Kadıköy ve Ataşehir'de profesyonel perde temizleme hizmeti. 25 yıllık deneyim, ücretsiz teslimat. Anadolu Yakası'nın tüm semtlerine hizmet."
hizmetler/utu-hizmetleri.html,Service Page,https://dryallekurutemizleme.com/hizmetler/utu-hizmetleri.html,https://dryallekurutemizleme.com/hizmetler/utu-hizmetleri.html,NEEDS UPDATE,3,YES,YES,YES,NO,Ütü Hizmetleri İstanbul Acıbadem Suadiye | Dry Alle Kuru Temizleme,Ütü Hizmetleri İstanbul Kadıköy Ataşehir | Dry Alle,Ütü Hizmetleri İstanbul,İstanbul Ütü Hizmetleri Hizmeti,İstanbul,"İstanbul Kadıköy ve Ataşehir'de profesyonel ütü hizmetleri hizmeti. 25 yıllık deneyim, ücretsiz teslimat. Anadolu Yakası'nın tüm semtlerine hizmet."
index.html,Homepage,https://dryallekurutemizleme.com/,https://dryallekurutemizleme.com/,NEEDS UPDATE,2,NO,YES,YES,NO,,,"KADIKÖY ATAŞEHIR
                    KURU TEMİZLEME
                    HALI KOLTUK YIKAMA","İstanbul Anadolu Yakası Kuru Temizleme, Halı Yıkama ve Koltuk Yıkama Uzmanı",İstanbul,"İstanbul Anadolu Yakası'nda 25 yıllık deneyimle kuru temizleme, halı yıkama, koltuk yıkama hizmeti. Kadıköy ve Ataşehir'e ücretsiz teslimat. Hemen arayın!"
