Slug,Tema,Başlık,Anahtar Kelimeler,Özel Gereksinimler,Mevcut Görsel,Görsel Gereksinimleri,Arama Sorguları,Seçilen Görsel URL,Notlar
"vintage-clothing-ozel-care","profesyonel","Vintage Kiyafetler Ozel Bakim: Uzman Rehberi | Dry Alle Blog","kuru; temizleme; profesyonel; özel; uzman","Mevsimsel; Hızlı servis","featured-image.webp","Konu: profesyonel, Stil: temiz, modern, profesyonel","profesyonel cleaning professional; profesyonel care service; dry cleaning profesyonel; professional profesyonel maintenance; kuru professional cleaning; temizleme professional cleaning; profesyonel professional cleaning; fast profesyonel cleaning service","",""
"wedding-season-wedding-dress-carei","gelinlik","Duggun Sezonu Gelinlik Bakimi: Uzman Rehberi | Dry Alle Blog","gelinlik; temizleme; özel; uzman; profesyonel","Mevsimsel; Hızlı servis","featured-image.webp","Konu: gelinlik, Stil: temiz, modern, profesyonel","gelinlik cleaning professional; gelinlik care service; dry cleaning gelinlik; professional gelinlik maintenance; gelinlik professional cleaning; temizleme professional cleaning; özel professional cleaning; fast gelinlik cleaning service","",""
"professional-vs-evde-carpet-cleaning-comparison","halı","Profesyonel vs Ev Yapımı: Hali Yikama Kıyaslaması | Dry Alle Blog","halı; yıkama; profesyonel; özel; hali","Mevsimsel; Hızlı servis","featured-image.webp","Konu: halı, Stil: temiz, modern, profesyonel","halı cleaning professional; halı care service; dry cleaning halı; professional halı maintenance; halı professional cleaning; yıkama professional cleaning; profesyonel professional cleaning; fast halı cleaning service","",""
"outdoor-textile-urunleri-carei","profesyonel","Outdoor Tekstil Urunleri Bakimi: Uzman Rehberi | Dry Alle Blog","tekstil; bakımı; bakım; bakimi; özel","Mevsimsel","featured-image.webp","Konu: profesyonel, Stil: temiz, modern, profesyonel","profesyonel cleaning professional; profesyonel care service; dry cleaning profesyonel; professional profesyonel maintenance; tekstil professional cleaning; bakımı professional cleaning; bakım professional cleaning; clean modern profesyonel","",""
"is-kiyafetleri-professional-care","profesyonel","Iş Kiyafetleri Profesyonel Bakim: Uzman Rehberi | Dry Alle Blog","kuru; temizleme; profesyonel; özel; uzman","Mevsimsel; Hızlı servis","featured-image.webp","Konu: profesyonel, Stil: temiz, modern, profesyonel","profesyonel cleaning professional; profesyonel care service; dry cleaning profesyonel; professional profesyonel maintenance; kuru professional cleaning; temizleme professional cleaning; profesyonel professional cleaning; fast profesyonel cleaning service","",""
"kuru-temizleme","profesyonel","Kuru Temizleme Blog | İstanbul Hassas Kumaş Temizleme Rehberleri","temizleme; kuru; hassas; stanbul; özel","","Yok","Konu: profesyonel, Stil: temiz, modern, profesyonel","profesyonel cleaning professional; profesyonel care service; dry cleaning profesyonel; professional profesyonel maintenance; temizleme professional cleaning; kuru professional cleaning; hassas professional cleaning; clean modern profesyonel","",""
"evde-hali-carei-ve-professional-washing-guide","halı","Evde Halı Bakımı ve Profesyonel Yıkama Rehberi | Dry Alle İstanbul","halı; yıkama; profesyonel; bakım; stanbul","Hızlı servis","Yok","Konu: halı, Stil: temiz, modern, profesyonel","halı cleaning professional; halı care service; dry cleaning halı; professional halı maintenance; halı professional cleaning; yıkama professional cleaning; profesyonel professional cleaning; fast halı cleaning service","",""
"winter-preparation-tekstil-koruma","profesyonel","Kis Hazarligi Tekstil Koruma: Uzman Rehberi | Dry Alle Blog","tekstil; bakımı; bakım; özel; koruma","Mevsimsel","featured-image.webp","Konu: profesyonel, Stil: temiz, modern, profesyonel","profesyonel cleaning professional; profesyonel care service; dry cleaning profesyonel; professional profesyonel maintenance; tekstil professional cleaning; bakımı professional cleaning; bakım professional cleaning; clean modern profesyonel","",""
"autumn-kiyafet-gecisi-guide","profesyonel","Sonbahar Kiyafet Gecisi Rehberi: Uzman Rehberi | Dry Alle Blog","tekstil; bakımı; bakım; özel; rehberi","Mevsimsel","featured-image.webp","Konu: profesyonel, Stil: temiz, modern, profesyonel","profesyonel cleaning professional; profesyonel care service; dry cleaning profesyonel; professional profesyonel maintenance; tekstil professional cleaning; bakımı professional cleaning; bakım professional cleaning; clean modern profesyonel","",""
"koltuk-yikama","mobilya","Koltuk Yıkama Blog | İstanbul Anadolu Yakası Koltuk Temizleme Rehberleri","koltuk; yıkama; rehberleri; deri; stanbul","","Yok","Konu: mobilya, Stil: temiz, modern, profesyonel","mobilya cleaning professional; mobilya care service; dry cleaning mobilya; professional mobilya maintenance; koltuk professional cleaning; yıkama professional cleaning; rehberleri professional cleaning; clean modern mobilya","",""
"hali-color-fading-onleme-methods","halı","Hali Renk Solmasi Onleme Yontemleri: Uzman Rehberi | Dry Alle Blog","halı; yıkama; özel; hali; bakım","Mevsimsel; Hızlı servis","featured-image.webp","Konu: halı, Stil: temiz, modern, profesyonel","halı cleaning professional; halı care service; dry cleaning halı; professional halı maintenance; halı professional cleaning; yıkama professional cleaning; özel professional cleaning; fast halı cleaning service","",""
"carpet-cleaning-sonrasi-care-guide","halı","Hali Yikama Sonrasi Bakim Rehberi: Uzman Rehberi | Dry Alle Blog","halı; yıkama; özel; hali; yikama","Mevsimsel; Hızlı servis","featured-image.webp","Konu: halı, Stil: temiz, modern, profesyonel","halı cleaning professional; halı care service; dry cleaning halı; professional halı maintenance; halı professional cleaning; yıkama professional cleaning; özel professional cleaning; fast halı cleaning service","",""
"kalorifer-sezonu-tekstil-carei","profesyonel","Kalorifer Sezonu Tekstil Bakimi: Uzman Rehberi | Dry Alle Blog","tekstil; bakımı; bakım; bakimi; özel","Mevsimsel","featured-image.webp","Konu: profesyonel, Stil: temiz, modern, profesyonel","profesyonel cleaning professional; profesyonel care service; dry cleaning profesyonel; professional profesyonel maintenance; tekstil professional cleaning; bakımı professional cleaning; bakım professional cleaning; clean modern profesyonel","",""
"complete-home-textile-maintenance-manual","profesyonel","Ev Tekstillerinin Kapsamlı Bakım ve Temizlik El Kitabı 2025 | Dry Alle","bakım; temizlik; yıkama; profesyonel; bakımı","Mevsimsel; Hızlı servis","Yok","Konu: profesyonel, Stil: temiz, modern, profesyonel","profesyonel cleaning professional; profesyonel care service; dry cleaning profesyonel; professional profesyonel maintenance; bakım professional cleaning; temizlik professional cleaning; yıkama professional cleaning; fast profesyonel cleaning service","",""
"curtain-cleaning-ev-vs-professional","profesyonel","Perde Temizleme Ev Vs Profesyonel: Uzman Rehberi | Dry Alle Blog","tekstil; bakımı; profesyonel; bakım; özel","Mevsimsel","featured-image.webp","Konu: profesyonel, Stil: temiz, modern, profesyonel","profesyonel cleaning professional; profesyonel care service; dry cleaning profesyonel; professional profesyonel maintenance; tekstil professional cleaning; bakımı professional cleaning; profesyonel professional cleaning; clean modern profesyonel","",""
"air-conditioned-tekstil-carei","profesyonel","Klimali Ortamda Tekstil Bakimi: Uzman Rehberi | Dry Alle Blog","tekstil; bakımı; bakım; bakimi; özel","Mevsimsel","featured-image.webp","Konu: profesyonel, Stil: temiz, modern, profesyonel","profesyonel cleaning professional; profesyonel care service; dry cleaning profesyonel; professional profesyonel maintenance; tekstil professional cleaning; bakımı professional cleaning; bakım professional cleaning; clean modern profesyonel","",""
"ultimate-turkish-dry-cleaning-guide","profesyonel","Türkiye'nin En Kapsamlı Kuru Temizleme Rehberi 2025 | Dry Alle Expert Guide","temizleme; kuru; türkiye; özel; uzman","Türkiye lokasyonu; Mevsimsel","Yok","Konu: profesyonel, Stil: temiz, modern, profesyonel","profesyonel cleaning professional; profesyonel care service; dry cleaning profesyonel; professional profesyonel maintenance; temizleme professional cleaning; kuru professional cleaning; türkiye professional cleaning; profesyonel cleaning Turkey Istanbul","",""
"back-to-school-uniform-carei","profesyonel","Okul Oncesi Uniform Bakimi: Uzman Rehberi | Dry Alle Blog","kuru; temizleme; profesyonel; özel; uzman","Mevsimsel; Hızlı servis","featured-image.webp","Konu: profesyonel, Stil: temiz, modern, profesyonel","profesyonel cleaning professional; profesyonel care service; dry cleaning profesyonel; professional profesyonel maintenance; kuru professional cleaning; temizleme professional cleaning; profesyonel professional cleaning; fast profesyonel cleaning service","",""
"luxury-textile-care-technologies","profesyonel","Lux Tekstil Bakim Teknolojileri: Uzman Rehberi | Dry Alle Blog","tekstil; bakımı; bakım; özel; profesyonel","Mevsimsel","featured-image.webp","Konu: profesyonel, Stil: temiz, modern, profesyonel","profesyonel cleaning professional; profesyonel care service; dry cleaning profesyonel; professional profesyonel maintenance; tekstil professional cleaning; bakımı professional cleaning; bakım professional cleaning; clean modern profesyonel","",""
"2026-tekstil-care-trendleri","profesyonel","2026 Tekstil Bakim Trendleri: Uzman Rehberi | Dry Alle Blog","tekstil; bakımı; bakım; özel; profesyonel","Mevsimsel","featured-image.webp","Konu: profesyonel, Stil: temiz, modern, profesyonel","profesyonel cleaning professional; profesyonel care service; dry cleaning profesyonel; professional profesyonel maintenance; tekstil professional cleaning; bakımı professional cleaning; bakım professional cleaning; clean modern profesyonel","",""
"dry-cleaning-sigorta-ve-garanti","profesyonel","Kuru Temizleme Sigorta Ve Garanti: Uzman Rehberi | Dry Alle Blog","kuru; temizleme; profesyonel; özel; garanti","Mevsimsel; Hızlı servis","featured-image.webp","Konu: profesyonel, Stil: temiz, modern, profesyonel","profesyonel cleaning professional; profesyonel care service; dry cleaning profesyonel; professional profesyonel maintenance; kuru professional cleaning; temizleme professional cleaning; profesyonel professional cleaning; fast profesyonel cleaning service","",""
"summer-clothes-saklama-guide","profesyonel","Yaz Kiyafetleri Saklama Rehberi: Uzman Rehberi | Dry Alle Blog","tekstil; bakımı; bakım; özel; rehberi","Mevsimsel","featured-image.webp","Konu: profesyonel, Stil: temiz, modern, profesyonel","profesyonel cleaning professional; profesyonel care service; dry cleaning profesyonel; professional profesyonel maintenance; tekstil professional cleaning; bakımı professional cleaning; bakım professional cleaning; clean modern profesyonel","",""
"wedding-dress-temizleme-ultimate-rehber","gelinlik","Ultimate Gelinlik Rehberi: A'dan Z'ye | Dry Alle Blog","gelinlik; temizleme; özel; profesyonel; sayesinde","Mevsimsel; Hızlı servis","featured-image.webp","Konu: gelinlik, Stil: temiz, modern, profesyonel","gelinlik cleaning professional; gelinlik care service; dry cleaning gelinlik; professional gelinlik maintenance; gelinlik professional cleaning; temizleme professional cleaning; özel professional cleaning; fast gelinlik cleaning service","",""
"istanbul-anatolian-side-dry-cleaning","profesyonel","Istanbul Anadolu Yakasi Kuru Temizleme: Uzman Rehberi | Dry Alle Blog","kuru; temizleme; profesyonel; özel; uzman","Türkiye lokasyonu; Mevsimsel; Hızlı servis","featured-image.webp","Konu: profesyonel, Stil: temiz, modern, profesyonel","profesyonel cleaning professional; profesyonel care service; dry cleaning profesyonel; professional profesyonel maintenance; kuru professional cleaning; temizleme professional cleaning; profesyonel professional cleaning; profesyonel cleaning Turkey Istanbul","",""
"home-textiles-hijyen-guide","profesyonel","Ev Tekstili Hijyen Rehberi: Uzman Rehberi | Dry Alle Blog","tekstil; bakımı; bakım; özel; rehberi","Mevsimsel","featured-image.webp","Konu: profesyonel, Stil: temiz, modern, profesyonel","profesyonel cleaning professional; profesyonel care service; dry cleaning profesyonel; professional profesyonel maintenance; tekstil professional cleaning; bakımı professional cleaning; bakım professional cleaning; clean modern profesyonel","",""
"utu-hizmetleri","profesyonel","Ütü Hizmetleri Blog | İstanbul Anadolu Yakası Profesyonel Ütüleme Rehberleri","ütüleme; profesyonel; rehberleri; hizmetleri; stanbul","","Yok","Konu: profesyonel, Stil: temiz, modern, profesyonel","profesyonel cleaning professional; profesyonel care service; dry cleaning profesyonel; professional profesyonel maintenance; ütüleme professional cleaning; profesyonel professional cleaning; rehberleri professional cleaning; clean modern profesyonel","",""
"ev-utusu-vs-professional-utu-hizmeti","profesyonel","Ev Ütüsü vs Profesyonel Ütü Hizmeti | Dry Alle İstanbul","profesyonel; hizmeti; özel; ütüsü; zaman","Mevsimsel; Hızlı servis","Yok","Konu: profesyonel, Stil: temiz, modern, profesyonel","profesyonel cleaning professional; profesyonel care service; dry cleaning profesyonel; professional profesyonel maintenance; profesyonel professional cleaning; hizmeti professional cleaning; özel professional cleaning; fast profesyonel cleaning service","",""
"kis-hali-care-stratejileri","halı","Kis Hali Bakim Stratejileri: Uzman Rehberi | Dry Alle Blog","halı; yıkama; özel; hali; bakım","Mevsimsel; Hızlı servis","featured-image.webp","Konu: halı, Stil: temiz, modern, profesyonel","halı cleaning professional; halı care service; dry cleaning halı; professional halı maintenance; halı professional cleaning; yıkama professional cleaning; özel professional cleaning; fast halı cleaning service","",""
"istanbul-elit-semtlerde-tekstil-carei","profesyonel","Istanbul Elit Semtlerde Tekstil Bakimi: Uzman Rehberi | Dry Alle Blog","tekstil; bakımı; bakım; bakimi; özel","Türkiye lokasyonu; Mevsimsel","featured-image.webp","Konu: profesyonel, Stil: temiz, modern, profesyonel","profesyonel cleaning professional; profesyonel care service; dry cleaning profesyonel; professional profesyonel maintenance; tekstil professional cleaning; bakımı professional cleaning; bakım professional cleaning; profesyonel cleaning Turkey Istanbul","",""
"professional-carpet-cleaning-surecler","halı","Profesyonel Hali Yikama Surecler: Uzman Rehberi | Dry Alle Blog","halı; yıkama; profesyonel; özel; hali","Mevsimsel; Hızlı servis","featured-image.webp","Konu: halı, Stil: temiz, modern, profesyonel","halı cleaning professional; halı care service; dry cleaning halı; professional halı maintenance; halı professional cleaning; yıkama professional cleaning; profesyonel professional cleaning; fast halı cleaning service","",""
"sofa-cleaning-diy-vs-professional","halı","Profesyonel vs Ev Yapımı: Hali Yikama Kıyaslaması | Dry Alle Blog","halı; yıkama; profesyonel; özel; yikama","Mevsimsel; Hızlı servis","featured-image.webp","Konu: halı, Stil: temiz, modern, profesyonel","halı cleaning professional; halı care service; dry cleaning halı; professional halı maintenance; halı professional cleaning; yıkama professional cleaning; profesyonel professional cleaning; fast halı cleaning service","",""
"dry-cleaning-quality-control","profesyonel","Kuru Temizleme Quality Control: Uzman Rehberi | Dry Alle Blog","kuru; temizleme; profesyonel; özel; uzman","Mevsimsel; Hızlı servis","featured-image.webp","Konu: profesyonel, Stil: temiz, modern, profesyonel","profesyonel cleaning professional; profesyonel care service; dry cleaning profesyonel; professional profesyonel maintenance; kuru professional cleaning; temizleme professional cleaning; profesyonel professional cleaning; fast profesyonel cleaning service","",""
"ev-tekstili","perde","Ev Tekstili Blog | İstanbul Anadolu Yakası Ev Tekstili Bakım Rehberleri","tekstili; bakım; rehberleri; nevresim; yorgan","","Yok","Konu: perde, Stil: temiz, modern, profesyonel","perde cleaning professional; perde care service; dry cleaning perde; professional perde maintenance; tekstili professional cleaning; bakım professional cleaning; rehberleri professional cleaning; clean modern perde","",""
"istanbul-seasonal-clothing-care-calendar","leke","İstanbul İklim Şartlarına Göre Mevsimsel Kıyafet Bakım Takvimi 2025 | Dry Alle","bakım; özel; sıcaklık; hazırlığı; bakımı","Mevsimsel; Hızlı servis","Yok","Konu: leke, Stil: temiz, modern, profesyonel","leke cleaning professional; leke care service; dry cleaning leke; professional leke maintenance; bakım professional cleaning; özel professional cleaning; sıcaklık professional cleaning; fast leke cleaning service","",""
"summer-preparation-kiyafet-saklama","profesyonel","Yaz Hazarligi Kiyafet Saklama: Uzman Rehberi | Dry Alle Blog","tekstil; bakımı; bakım; özel; profesyonel","Mevsimsel","featured-image.webp","Konu: profesyonel, Stil: temiz, modern, profesyonel","profesyonel cleaning professional; profesyonel care service; dry cleaning profesyonel; professional profesyonel maintenance; tekstil professional cleaning; bakımı professional cleaning; bakım professional cleaning; clean modern profesyonel","",""
"post-vacation-kiyafet-carei","profesyonel","Tatil Donusu Kiyafet Bakimi: Uzman Rehberi | Dry Alle Blog","tekstil; bakımı; bakım; bakimi; özel","Mevsimsel","featured-image.webp","Konu: profesyonel, Stil: temiz, modern, profesyonel","profesyonel cleaning professional; profesyonel care service; dry cleaning profesyonel; professional profesyonel maintenance; tekstil professional cleaning; bakımı professional cleaning; bakım professional cleaning; clean modern profesyonel","",""
"ayakkabi-ve-deri-urunler-care-guide","deri","Ayakkabı ve Deri Ürünler Bakım Rehberi | Dry Alle İstanbul","bakım; ayakkabı; deri; özel; profesyonel","Mevsimsel; Hızlı servis","Yok","Konu: deri, Stil: temiz, modern, profesyonel","deri cleaning professional; deri care service; dry cleaning deri; professional deri maintenance; bakım professional cleaning; ayakkabı professional cleaning; deri professional cleaning; fast deri cleaning service","",""
"new-year-ozel-kiyafet-hazarligi","profesyonel","Yilbasi Ozel Kiyafet Hazarligi: Uzman Rehberi | Dry Alle Blog","kuru; temizleme; profesyonel; özel; uzman","Mevsimsel; Hızlı servis","featured-image.webp","Konu: profesyonel, Stil: temiz, modern, profesyonel","profesyonel cleaning professional; profesyonel care service; dry cleaning profesyonel; professional profesyonel maintenance; kuru professional cleaning; temizleme professional cleaning; profesyonel professional cleaning; fast profesyonel cleaning service","",""
"carpet-cleaning-allergic-reactions","halı","Hali Yikama Allerjik Reaksiyonlar: Uzman Rehberi | Dry Alle Blog","halı; yıkama; özel; hali; yikama","Mevsimsel; Hızlı servis","featured-image.webp","Konu: halı, Stil: temiz, modern, profesyonel","halı cleaning professional; halı care service; dry cleaning halı; professional halı maintenance; halı professional cleaning; yıkama professional cleaning; özel professional cleaning; fast halı cleaning service","",""
"luxury-hali-collection-carei","halı","Luxury Hali Collection Bakimi: Uzman Rehberi | Dry Alle Blog","halı; yıkama; özel; hali; bakım","Mevsimsel; Hızlı servis","featured-image.webp","Konu: halı, Stil: temiz, modern, profesyonel","halı cleaning professional; halı care service; dry cleaning halı; professional halı maintenance; halı professional cleaning; yıkama professional cleaning; özel professional cleaning; fast halı cleaning service","",""
"winter-clothes-ozel-care","profesyonel","Kis Kiyafetleri Ozel Bakim: Uzman Rehberi | Dry Alle Blog","kuru; temizleme; profesyonel; özel; uzman","Mevsimsel; Hızlı servis","featured-image.webp","Konu: profesyonel, Stil: temiz, modern, profesyonel","profesyonel cleaning professional; profesyonel care service; dry cleaning profesyonel; professional profesyonel maintenance; kuru professional cleaning; temizleme professional cleaning; profesyonel professional cleaning; fast profesyonel cleaning service","",""
"ev-tekstillerinin-care-ve-cleaning-guide","profesyonel","Ev Tekstillerinin Bakım ve Temizlik Rehberi | Dry Alle İstanbul","temizlik; bakım; profesyonel; tekstili; yıkama","Mevsimsel; Hızlı servis","Yok","Konu: profesyonel, Stil: temiz, modern, profesyonel","profesyonel cleaning professional; profesyonel care service; dry cleaning profesyonel; professional profesyonel maintenance; temizlik professional cleaning; bakım professional cleaning; profesyonel professional cleaning; fast profesyonel cleaning service","",""
"professional-laundry-vs-home-washing","profesyonel","Professional Laundry Vs Home Washing: Uzman Rehberi | Dry Alle Blog","kuru; temizleme; profesyonel; özel; uzman","Mevsimsel; Hızlı servis","featured-image.webp","Konu: profesyonel, Stil: temiz, modern, profesyonel","profesyonel cleaning professional; profesyonel care service; dry cleaning profesyonel; professional profesyonel maintenance; kuru professional cleaning; temizleme professional cleaning; profesyonel professional cleaning; fast profesyonel cleaning service","",""
"winter-dry-cleaning-tips","profesyonel","Kis Aylarinda Kuru Temizleme Ipuclari: Uzman Rehberi | Dry Alle Blog","kuru; temizleme; profesyonel; özel; uzman","Mevsimsel; Hızlı servis","featured-image.webp","Konu: profesyonel, Stil: temiz, modern, profesyonel","profesyonel cleaning professional; profesyonel care service; dry cleaning profesyonel; professional profesyonel maintenance; kuru professional cleaning; temizleme professional cleaning; profesyonel professional cleaning; fast profesyonel cleaning service","",""
"canta-temizleme","deri","Çanta Temizleme Blog | İstanbul Anadolu Yakası Çanta Bakım Rehberleri","çanta; temizleme; bakım; rehberleri; deri","","Yok","Konu: deri, Stil: temiz, modern, profesyonel","deri cleaning professional; deri care service; dry cleaning deri; professional deri maintenance; çanta professional cleaning; temizleme professional cleaning; bakım professional cleaning; clean modern deri","",""
"antik-carpet-cleaning-ozel-yontemler","halı","Antik Hali Yikama Ozel Yontemler: Uzman Rehberi | Dry Alle Blog","halı; yıkama; özel; hali; yikama","Mevsimsel; Hızlı servis","featured-image.webp","Konu: halı, Stil: temiz, modern, profesyonel","halı cleaning professional; halı care service; dry cleaning halı; professional halı maintenance; halı professional cleaning; yıkama professional cleaning; özel professional cleaning; fast halı cleaning service","",""
"dry-cleaning-kimyasallari-guvenligi","profesyonel","Kuru Temizleme Güvenliği: Bilmeniz Gerekenler | Dry Alle Blog","kuru; temizleme; profesyonel; özel; stanbul","Mevsimsel; Hızlı servis","featured-image.webp","Konu: profesyonel, Stil: temiz, modern, profesyonel","profesyonel cleaning professional; profesyonel care service; dry cleaning profesyonel; professional profesyonel maintenance; kuru professional cleaning; temizleme professional cleaning; profesyonel professional cleaning; fast profesyonel cleaning service","",""
"hali-yikama","halı","Halı Yıkama Blog | İstanbul Anadolu Yakası Halı Temizleme Rehberleri","halı; yıkama; anadolu; stanbul; yakası","","Yok","Konu: halı, Stil: temiz, modern, profesyonel","halı cleaning professional; halı care service; dry cleaning halı; professional halı maintenance; halı professional cleaning; yıkama professional cleaning; anadolu professional cleaning; clean modern halı","",""
"kumas-deri-boyama","deri","Kumaş Deri Boyama Blog | İstanbul Anadolu Yakası Renk Yenileme Rehberleri","deri; boyama; kumaş; renk; rehberleri","","Yok","Konu: deri, Stil: temiz, modern, profesyonel","deri cleaning professional; deri care service; dry cleaning deri; professional deri maintenance; deri professional cleaning; boyama professional cleaning; kumaş professional cleaning; clean modern deri","",""
"hassas-kumaslar-dry-cleaning-guide","profesyonel","Hassas Kumaşlar İçin Kuru Temizleme Rehberi | Dry Alle İstanbul","kuru; temizleme; hassas; özel; kumaşlar","Hızlı servis","Yok","Konu: profesyonel, Stil: temiz, modern, profesyonel","profesyonel cleaning professional; profesyonel care service; dry cleaning profesyonel; professional profesyonel maintenance; kuru professional cleaning; temizleme professional cleaning; hassas professional cleaning; fast profesyonel cleaning service","",""
"spring-cleaning-tekstil-carei","profesyonel","2025-03 Ayında Tekstil Bakimi: Profesyonel İpuçları | Dry Alle Blog","tekstil; bakımı; bakım; bakimi; profesyonel","Mevsimsel","featured-image.webp","Konu: profesyonel, Stil: temiz, modern, profesyonel","profesyonel cleaning professional; profesyonel care service; dry cleaning profesyonel; professional profesyonel maintenance; tekstil professional cleaning; bakımı professional cleaning; bakım professional cleaning; clean modern profesyonel","",""
"dry-cleaning-eco-friendly-alternatifler","profesyonel","Kuru Temizleme Cevre Dostu Alternatifler: Uzman Rehberi | Dry Alle Blog","kuru; temizleme; profesyonel; dostu; özel","Mevsimsel; Hızlı servis","featured-image.webp","Konu: profesyonel, Stil: temiz, modern, profesyonel","profesyonel cleaning professional; profesyonel care service; dry cleaning profesyonel; professional profesyonel maintenance; kuru professional cleaning; temizleme professional cleaning; profesyonel professional cleaning; fast profesyonel cleaning service","",""
"2025-yilinda-istanbul-dry-cleaning-trendleri","profesyonel","2025'te İstanbul'da Kuru Temizleme: Uzman Rehberi | Dry Alle Blog","kuru; temizleme; profesyonel; stanbul; özel","Türkiye lokasyonu; Mevsimsel; Hızlı servis","featured-image.webp","Konu: profesyonel, Stil: temiz, modern, profesyonel","profesyonel cleaning professional; profesyonel care service; dry cleaning profesyonel; professional profesyonel maintenance; kuru professional cleaning; temizleme professional cleaning; profesyonel professional cleaning; profesyonel cleaning Turkey Istanbul","",""
"dry-cleaning-perfect-results","profesyonel","Kuru Temizleme Mukemmel Sonuclar: Uzman Rehberi | Dry Alle Blog","kuru; temizleme; profesyonel; özel; uzman","Mevsimsel; Hızlı servis","featured-image.webp","Konu: profesyonel, Stil: temiz, modern, profesyonel","profesyonel cleaning professional; profesyonel care service; dry cleaning profesyonel; professional profesyonel maintenance; kuru professional cleaning; temizleme professional cleaning; profesyonel professional cleaning; fast profesyonel cleaning service","",""
"2025-tekstil-care-ozeti","profesyonel","2025 Tekstil Bakim Ozeti: Uzman Rehberi | Dry Alle Blog","tekstil; bakımı; bakım; özel; profesyonel","Mevsimsel","featured-image.webp","Konu: profesyonel, Stil: temiz, modern, profesyonel","profesyonel cleaning professional; profesyonel care service; dry cleaning profesyonel; professional profesyonel maintenance; tekstil professional cleaning; bakımı professional cleaning; bakım professional cleaning; clean modern profesyonel","",""
"ev-perdelerinizi-temiz-tutma-guide","perde","Ev Perdelerinizi Temiz Tutma Rehberi | Dry Alle İstanbul","temizlik; perde; profesyonel; bakım; perdeler","Mevsimsel; Hızlı servis","Yok","Konu: perde, Stil: temiz, modern, profesyonel","perde cleaning professional; perde care service; dry cleaning perde; professional perde maintenance; temizlik professional cleaning; perde professional cleaning; profesyonel professional cleaning; fast perde cleaning service","",""
"dry-cleaning-hatalari-ve-cozumleri","profesyonel","Kuru Temizleme Hatalari Ve Cozumleri: Uzman Rehberi | Dry Alle Blog","kuru; temizleme; profesyonel; özel; uzman","Mevsimsel; Hızlı servis","featured-image.webp","Konu: profesyonel, Stil: temiz, modern, profesyonel","profesyonel cleaning professional; profesyonel care service; dry cleaning profesyonel; professional profesyonel maintenance; kuru professional cleaning; temizleme professional cleaning; profesyonel professional cleaning; fast profesyonel cleaning service","",""
"koltuk-upholstery-renewal-guide","halı","Koltuk Kaplama Yenileme Rehberi: Uzman Rehberi | Dry Alle Blog","halı; yıkama; özel; rehberi; bakım","Mevsimsel; Hızlı servis","featured-image.webp","Konu: halı, Stil: temiz, modern, profesyonel","halı cleaning professional; halı care service; dry cleaning halı; professional halı maintenance; halı professional cleaning; yıkama professional cleaning; özel professional cleaning; fast halı cleaning service","",""
"deri-ve-kumas-canta-care-guide","deri","Deri ve Kumaş Çanta Bakım Rehberi | Dry Alle İstanbul","çanta; deri; temizlik; çantalar; bakım","Hızlı servis","Yok","Konu: deri, Stil: temiz, modern, profesyonel","deri cleaning professional; deri care service; dry cleaning deri; professional deri maintenance; çanta professional cleaning; deri professional cleaning; temizlik professional cleaning; fast deri cleaning service","",""
"istanbul-sicakliginda-hali-carei","halı","Istanbul Sicakliginda Hali Bakimi: Uzman Rehberi | Dry Alle Blog","halı; yıkama; özel; hali; bakım","Türkiye lokasyonu; Mevsimsel; Hızlı servis","featured-image.webp","Konu: halı, Stil: temiz, modern, profesyonel","halı cleaning professional; halı care service; dry cleaning halı; professional halı maintenance; halı professional cleaning; yıkama professional cleaning; özel professional cleaning; halı cleaning Turkey Istanbul","",""
"perde-temizleme","perde","Perde Temizleme Blog | İstanbul Anadolu Yakası Perde Bakım Rehberleri","perde; temizleme; rehberleri; stanbul; bakımı","","Yok","Konu: perde, Stil: temiz, modern, profesyonel","perde cleaning professional; perde care service; dry cleaning perde; professional perde maintenance; perde professional cleaning; temizleme professional cleaning; rehberleri professional cleaning; clean modern perde","",""
"solmus-kiyafetlere-yeni-hayat-verme-guide","deri","Solmuş Kıyafetlere Yeni Hayat Verme Rehberi | Dry Alle İstanbul","boyama; renk; deri; profesyonel; kumaş","Hızlı servis","Yok","Konu: deri, Stil: temiz, modern, profesyonel","deri cleaning professional; deri care service; dry cleaning deri; professional deri maintenance; boyama professional cleaning; renk professional cleaning; deri professional cleaning; fast deri cleaning service","",""
"hot-weather-dry-cleaning","profesyonel","Sicak Havalarda Kuru Temizleme: Uzman Rehberi | Dry Alle Blog","kuru; temizleme; profesyonel; özel; uzman","Mevsimsel; Hızlı servis","featured-image.webp","Konu: profesyonel, Stil: temiz, modern, profesyonel","profesyonel cleaning professional; profesyonel care service; dry cleaning profesyonel; professional profesyonel maintenance; kuru professional cleaning; temizleme professional cleaning; profesyonel professional cleaning; fast profesyonel cleaning service","",""
"carpet-cleaning-technology-innovations","halı","Hali Yikama Teknoloji Yenilikleri: Uzman Rehberi | Dry Alle Blog","halı; yıkama; özel; hali; yikama","Mevsimsel; Hızlı servis","featured-image.webp","Konu: halı, Stil: temiz, modern, profesyonel","halı cleaning professional; halı care service; dry cleaning halı; professional halı maintenance; halı professional cleaning; yıkama professional cleaning; özel professional cleaning; fast halı cleaning service","",""
"antik-mobilya-tekstil-carei","profesyonel","Antik Mobilya Tekstil Bakimi: Uzman Rehberi | Dry Alle Blog","tekstil; bakımı; bakım; bakimi; özel","Mevsimsel","featured-image.webp","Konu: profesyonel, Stil: temiz, modern, profesyonel","profesyonel cleaning professional; profesyonel care service; dry cleaning profesyonel; professional profesyonel maintenance; tekstil professional cleaning; bakımı professional cleaning; bakım professional cleaning; clean modern profesyonel","",""
"ipek-kumaslar-dry-cleaning-guide","profesyonel","Ipek Kumaslar Kuru Temizleme Rehberi: Uzman Rehberi | Dry Alle Blog","kuru; temizleme; rehberi; profesyonel; özel","Mevsimsel; Hızlı servis","featured-image.webp","Konu: profesyonel, Stil: temiz, modern, profesyonel","profesyonel cleaning professional; profesyonel care service; dry cleaning profesyonel; professional profesyonel maintenance; kuru professional cleaning; temizleme professional cleaning; rehberi professional cleaning; fast profesyonel cleaning service","",""
"lostra-hizmeti","deri","Lostra Hizmeti Blog | İstanbul Anadolu Yakası Ayakkabı Parlatma Rehberleri","ayakkabı; deri; lostra; hizmeti; rehberleri","","Yok","Konu: deri, Stil: temiz, modern, profesyonel","deri cleaning professional; deri care service; dry cleaning deri; professional deri maintenance; ayakkabı professional cleaning; deri professional cleaning; lostra professional cleaning; clean modern deri","",""
"kumas-ve-deri-koltuk-temizligi-guide","mobilya","Kumaş ve Deri Koltuk Temizliği Rehberi | Dry Alle İstanbul","koltuk; temizlik; bakım; deri; profesyonel","Hızlı servis","Yok","Konu: mobilya, Stil: temiz, modern, profesyonel","mobilya cleaning professional; mobilya care service; dry cleaning mobilya; professional mobilya maintenance; koltuk professional cleaning; temizlik professional cleaning; bakım professional cleaning; fast mobilya cleaning service","",""
"valentines-day-ozel-kiyafet-carei","profesyonel","Sevgililer Gunu Ozel Kiyafet Bakimi: Uzman Rehberi | Dry Alle Blog","kuru; temizleme; profesyonel; özel; uzman","Mevsimsel; Hızlı servis","featured-image.webp","Konu: profesyonel, Stil: temiz, modern, profesyonel","profesyonel cleaning professional; profesyonel care service; dry cleaning profesyonel; professional profesyonel maintenance; kuru professional cleaning; temizleme professional cleaning; profesyonel professional cleaning; fast profesyonel cleaning service","",""
