sayfa,kategori,tip,mesaj
vintage-clothing-ozel-care,meta_description,warning,"Meta description çok uzun (175 karakter, max 160)"
vintage-clothing-ozel-care,internal_links,info,"Az internal link (0 adet, min 3 önerilir)"
wedding-season-wedding-dress-carei,internal_links,info,"Az internal link (0 adet, min 3 önerilir)"
professional-vs-evde-carpet-cleaning-comparison,title,warning,"Title çok uzun (65 karakter, max 60)"
professional-vs-evde-carpet-cleaning-comparison,title,info,Title'da Türkçe karakter var (SEO için İngilizce önerilir)
professional-vs-evde-carpet-cleaning-comparison,meta_description,warning,"Meta description çok uzun (177 karakter, max 160)"
professional-vs-evde-carpet-cleaning-comparison,internal_links,info,"Az internal link (0 adet, min 3 önerilir)"
outdoor-textile-urunleri-carei,title,warning,"Title çok uzun (62 karakter, max 60)"
outdoor-textile-urunleri-carei,internal_links,info,"Az internal link (0 adet, min 3 önerilir)"
is-kiyafetleri-professional-care,title,warning,"Title çok uzun (63 karakter, max 60)"
is-kiyafetleri-professional-care,title,info,Title'da Türkçe karakter var (SEO için İngilizce önerilir)
is-kiyafetleri-professional-care,meta_description,warning,"Meta description çok uzun (178 karakter, max 160)"
is-kiyafetleri-professional-care,internal_links,info,"Az internal link (0 adet, min 3 önerilir)"
kuru-temizleme,title,warning,"Title çok uzun (64 karakter, max 60)"
kuru-temizleme,title,info,Title'da Türkçe karakter var (SEO için İngilizce önerilir)
kuru-temizleme,meta_description,warning,"Meta description çok uzun (173 karakter, max 160)"
kuru-temizleme,internal_links,info,"Az internal link (0 adet, min 3 önerilir)"
evde-hali-carei-ve-professional-washing-guide,title,warning,"Title çok uzun (66 karakter, max 60)"
evde-hali-carei-ve-professional-washing-guide,title,info,Title'da Türkçe karakter var (SEO için İngilizce önerilir)
evde-hali-carei-ve-professional-washing-guide,meta_description,warning,"Meta description çok uzun (163 karakter, max 160)"
evde-hali-carei-ve-professional-washing-guide,internal_links,info,"Az internal link (0 adet, min 3 önerilir)"
winter-preparation-tekstil-koruma,internal_links,info,"Az internal link (0 adet, min 3 önerilir)"
autumn-kiyafet-gecisi-guide,title,warning,"Title çok uzun (62 karakter, max 60)"
autumn-kiyafet-gecisi-guide,internal_links,info,"Az internal link (0 adet, min 3 önerilir)"
koltuk-yikama,title,warning,"Title çok uzun (72 karakter, max 60)"
koltuk-yikama,title,info,Title'da Türkçe karakter var (SEO için İngilizce önerilir)
koltuk-yikama,meta_description,warning,"Meta description çok uzun (166 karakter, max 160)"
koltuk-yikama,internal_links,info,"Az internal link (0 adet, min 3 önerilir)"
hali-color-fading-onleme-methods,title,warning,"Title çok uzun (66 karakter, max 60)"
hali-color-fading-onleme-methods,meta_description,warning,"Meta description çok uzun (167 karakter, max 160)"
hali-color-fading-onleme-methods,internal_links,info,"Az internal link (0 adet, min 3 önerilir)"
carpet-cleaning-sonrasi-care-guide,title,warning,"Title çok uzun (64 karakter, max 60)"
carpet-cleaning-sonrasi-care-guide,meta_description,warning,"Meta description çok uzun (165 karakter, max 160)"
carpet-cleaning-sonrasi-care-guide,internal_links,info,"Az internal link (0 adet, min 3 önerilir)"
kalorifer-sezonu-tekstil-carei,title,warning,"Title çok uzun (62 karakter, max 60)"
kalorifer-sezonu-tekstil-carei,internal_links,info,"Az internal link (0 adet, min 3 önerilir)"
complete-home-textile-maintenance-manual,title,warning,"Title çok uzun (70 karakter, max 60)"
complete-home-textile-maintenance-manual,title,info,Title'da Türkçe karakter var (SEO için İngilizce önerilir)
complete-home-textile-maintenance-manual,open_graph,warning,Open Graph tag eksik: og:title
complete-home-textile-maintenance-manual,open_graph,warning,Open Graph tag eksik: og:description
complete-home-textile-maintenance-manual,open_graph,warning,Open Graph tag eksik: og:url
complete-home-textile-maintenance-manual,open_graph,warning,Open Graph tag eksik: og:image
complete-home-textile-maintenance-manual,internal_links,info,"Az internal link (0 adet, min 3 önerilir)"
curtain-cleaning-ev-vs-professional,title,warning,"Title çok uzun (64 karakter, max 60)"
curtain-cleaning-ev-vs-professional,internal_links,info,"Az internal link (0 adet, min 3 önerilir)"
air-conditioned-tekstil-carei,title,warning,"Title çok uzun (61 karakter, max 60)"
air-conditioned-tekstil-carei,internal_links,info,"Az internal link (0 adet, min 3 önerilir)"
ultimate-turkish-dry-cleaning-guide,title,warning,"Title çok uzun (75 karakter, max 60)"
ultimate-turkish-dry-cleaning-guide,title,info,Title'da Türkçe karakter var (SEO için İngilizce önerilir)
ultimate-turkish-dry-cleaning-guide,open_graph,warning,Open Graph tag eksik: og:title
ultimate-turkish-dry-cleaning-guide,open_graph,warning,Open Graph tag eksik: og:description
ultimate-turkish-dry-cleaning-guide,open_graph,warning,Open Graph tag eksik: og:url
ultimate-turkish-dry-cleaning-guide,open_graph,warning,Open Graph tag eksik: og:image
ultimate-turkish-dry-cleaning-guide,internal_links,info,"Az internal link (0 adet, min 3 önerilir)"
back-to-school-uniform-carei,meta_description,warning,"Meta description çok uzun (172 karakter, max 160)"
back-to-school-uniform-carei,internal_links,info,"Az internal link (0 adet, min 3 önerilir)"
luxury-textile-care-technologies,title,warning,"Title çok uzun (62 karakter, max 60)"
luxury-textile-care-technologies,internal_links,info,"Az internal link (0 adet, min 3 önerilir)"
2026-tekstil-care-trendleri,internal_links,info,"Az internal link (0 adet, min 3 önerilir)"
dry-cleaning-sigorta-ve-garanti,title,warning,"Title çok uzun (64 karakter, max 60)"
dry-cleaning-sigorta-ve-garanti,meta_description,warning,"Meta description çok uzun (179 karakter, max 160)"
dry-cleaning-sigorta-ve-garanti,internal_links,info,"Az internal link (0 adet, min 3 önerilir)"
summer-clothes-saklama-guide,title,warning,"Title çok uzun (62 karakter, max 60)"
summer-clothes-saklama-guide,internal_links,info,"Az internal link (0 adet, min 3 önerilir)"
wedding-dress-temizleme-ultimate-rehber,meta_description,warning,"Meta description çok uzun (166 karakter, max 160)"
wedding-dress-temizleme-ultimate-rehber,internal_links,info,"Az internal link (0 adet, min 3 önerilir)"
istanbul-anatolian-side-dry-cleaning,title,warning,"Title çok uzun (69 karakter, max 60)"
istanbul-anatolian-side-dry-cleaning,title,info,Title'da Türkçe karakter var (SEO için İngilizce önerilir)
istanbul-anatolian-side-dry-cleaning,meta_description,warning,"Meta description çok uzun (184 karakter, max 160)"
istanbul-anatolian-side-dry-cleaning,internal_links,info,"Az internal link (0 adet, min 3 önerilir)"
home-textiles-hijyen-guide,internal_links,info,"Az internal link (0 adet, min 3 önerilir)"
utu-hizmetleri,title,warning,"Title çok uzun (76 karakter, max 60)"
utu-hizmetleri,title,info,Title'da Türkçe karakter var (SEO için İngilizce önerilir)
utu-hizmetleri,meta_description,warning,"Meta description çok uzun (171 karakter, max 160)"
utu-hizmetleri,internal_links,info,"Az internal link (0 adet, min 3 önerilir)"
ev-utusu-vs-professional-utu-hizmeti,title,info,Title'da Türkçe karakter var (SEO için İngilizce önerilir)
ev-utusu-vs-professional-utu-hizmeti,internal_links,info,"Az internal link (0 adet, min 3 önerilir)"
kis-hali-care-stratejileri,internal_links,info,"Az internal link (0 adet, min 3 önerilir)"
istanbul-elit-semtlerde-tekstil-carei,title,warning,"Title çok uzun (69 karakter, max 60)"
istanbul-elit-semtlerde-tekstil-carei,title,info,Title'da Türkçe karakter var (SEO için İngilizce önerilir)
istanbul-elit-semtlerde-tekstil-carei,meta_description,warning,"Meta description çok uzun (164 karakter, max 160)"
istanbul-elit-semtlerde-tekstil-carei,internal_links,info,"Az internal link (0 adet, min 3 önerilir)"
professional-carpet-cleaning-surecler,title,warning,"Title çok uzun (63 karakter, max 60)"
professional-carpet-cleaning-surecler,meta_description,warning,"Meta description çok uzun (164 karakter, max 160)"
professional-carpet-cleaning-surecler,internal_links,info,"Az internal link (0 adet, min 3 önerilir)"
sofa-cleaning-diy-vs-professional,title,warning,"Title çok uzun (65 karakter, max 60)"
sofa-cleaning-diy-vs-professional,title,info,Title'da Türkçe karakter var (SEO için İngilizce önerilir)
sofa-cleaning-diy-vs-professional,meta_description,warning,"Meta description çok uzun (164 karakter, max 160)"
sofa-cleaning-diy-vs-professional,internal_links,info,"Az internal link (0 adet, min 3 önerilir)"
dry-cleaning-quality-control,title,warning,"Title çok uzun (61 karakter, max 60)"
dry-cleaning-quality-control,meta_description,warning,"Meta description çok uzun (176 karakter, max 160)"
dry-cleaning-quality-control,internal_links,info,"Az internal link (0 adet, min 3 önerilir)"
ev-tekstili,title,warning,"Title çok uzun (71 karakter, max 60)"
ev-tekstili,title,info,Title'da Türkçe karakter var (SEO için İngilizce önerilir)
ev-tekstili,meta_description,warning,"Meta description çok uzun (170 karakter, max 160)"
ev-tekstili,internal_links,info,"Az internal link (0 adet, min 3 önerilir)"
istanbul-seasonal-clothing-care-calendar,title,warning,"Title çok uzun (78 karakter, max 60)"
istanbul-seasonal-clothing-care-calendar,title,info,Title'da Türkçe karakter var (SEO için İngilizce önerilir)
istanbul-seasonal-clothing-care-calendar,open_graph,warning,Open Graph tag eksik: og:title
istanbul-seasonal-clothing-care-calendar,open_graph,warning,Open Graph tag eksik: og:description
istanbul-seasonal-clothing-care-calendar,open_graph,warning,Open Graph tag eksik: og:url
istanbul-seasonal-clothing-care-calendar,open_graph,warning,Open Graph tag eksik: og:image
istanbul-seasonal-clothing-care-calendar,internal_links,info,"Az internal link (0 adet, min 3 önerilir)"
summer-preparation-kiyafet-saklama,internal_links,info,"Az internal link (0 adet, min 3 önerilir)"
post-vacation-kiyafet-carei,internal_links,info,"Az internal link (0 adet, min 3 önerilir)"
ayakkabi-ve-deri-urunler-care-guide,title,info,Title'da Türkçe karakter var (SEO için İngilizce önerilir)
ayakkabi-ve-deri-urunler-care-guide,meta_description,warning,"Meta description çok uzun (164 karakter, max 160)"
ayakkabi-ve-deri-urunler-care-guide,internal_links,info,"Az internal link (0 adet, min 3 önerilir)"
new-year-ozel-kiyafet-hazarligi,title,warning,"Title çok uzun (61 karakter, max 60)"
new-year-ozel-kiyafet-hazarligi,meta_description,warning,"Meta description çok uzun (176 karakter, max 160)"
new-year-ozel-kiyafet-hazarligi,internal_links,info,"Az internal link (0 adet, min 3 önerilir)"
carpet-cleaning-allergic-reactions,title,warning,"Title çok uzun (64 karakter, max 60)"
carpet-cleaning-allergic-reactions,meta_description,warning,"Meta description çok uzun (165 karakter, max 160)"
carpet-cleaning-allergic-reactions,internal_links,info,"Az internal link (0 adet, min 3 önerilir)"
luxury-hali-collection-carei,meta_description,warning,"Meta description çok uzun (161 karakter, max 160)"
luxury-hali-collection-carei,internal_links,info,"Az internal link (0 adet, min 3 önerilir)"
winter-clothes-ozel-care,meta_description,warning,"Meta description çok uzun (172 karakter, max 160)"
winter-clothes-ozel-care,internal_links,info,"Az internal link (0 adet, min 3 önerilir)"
ev-tekstillerinin-care-ve-cleaning-guide,title,warning,"Title çok uzun (63 karakter, max 60)"
ev-tekstillerinin-care-ve-cleaning-guide,title,info,Title'da Türkçe karakter var (SEO için İngilizce önerilir)
ev-tekstillerinin-care-ve-cleaning-guide,meta_description,warning,"Meta description çok uzun (166 karakter, max 160)"
ev-tekstillerinin-care-ve-cleaning-guide,internal_links,info,"Az internal link (0 adet, min 3 önerilir)"
professional-laundry-vs-home-washing,title,warning,"Title çok uzun (67 karakter, max 60)"
professional-laundry-vs-home-washing,meta_description,warning,"Meta description çok uzun (182 karakter, max 160)"
professional-laundry-vs-home-washing,internal_links,info,"Az internal link (0 adet, min 3 önerilir)"
winter-dry-cleaning-tips,title,warning,"Title çok uzun (68 karakter, max 60)"
winter-dry-cleaning-tips,title,info,Title'da Türkçe karakter var (SEO için İngilizce önerilir)
winter-dry-cleaning-tips,meta_description,warning,"Meta description çok uzun (183 karakter, max 160)"
winter-dry-cleaning-tips,internal_links,info,"Az internal link (0 adet, min 3 önerilir)"
canta-temizleme,title,warning,"Title çok uzun (69 karakter, max 60)"
canta-temizleme,title,info,Title'da Türkçe karakter var (SEO için İngilizce önerilir)
canta-temizleme,meta_description,warning,"Meta description çok uzun (166 karakter, max 160)"
canta-temizleme,internal_links,info,"Az internal link (0 adet, min 3 önerilir)"
antik-carpet-cleaning-ozel-yontemler,title,warning,"Title çok uzun (63 karakter, max 60)"
antik-carpet-cleaning-ozel-yontemler,meta_description,warning,"Meta description çok uzun (164 karakter, max 160)"
antik-carpet-cleaning-ozel-yontemler,internal_links,info,"Az internal link (0 adet, min 3 önerilir)"
dry-cleaning-kimyasallari-guvenligi,title,warning,"Title çok uzun (61 karakter, max 60)"
dry-cleaning-kimyasallari-guvenligi,title,info,Title'da Türkçe karakter var (SEO için İngilizce önerilir)
dry-cleaning-kimyasallari-guvenligi,meta_description,warning,"Meta description çok uzun (183 karakter, max 160)"
dry-cleaning-kimyasallari-guvenligi,internal_links,info,"Az internal link (0 adet, min 3 önerilir)"
hali-yikama,title,warning,"Title çok uzun (68 karakter, max 60)"
hali-yikama,title,info,Title'da Türkçe karakter var (SEO için İngilizce önerilir)
hali-yikama,meta_description,warning,"Meta description çok uzun (173 karakter, max 160)"
hali-yikama,internal_links,info,"Az internal link (0 adet, min 3 önerilir)"
kumas-deri-boyama,title,warning,"Title çok uzun (73 karakter, max 60)"
kumas-deri-boyama,title,info,Title'da Türkçe karakter var (SEO için İngilizce önerilir)
kumas-deri-boyama,meta_description,warning,"Meta description çok uzun (168 karakter, max 160)"
kumas-deri-boyama,internal_links,info,"Az internal link (0 adet, min 3 önerilir)"
hassas-kumaslar-dry-cleaning-guide,title,warning,"Title çok uzun (63 karakter, max 60)"
hassas-kumaslar-dry-cleaning-guide,title,info,Title'da Türkçe karakter var (SEO için İngilizce önerilir)
hassas-kumaslar-dry-cleaning-guide,internal_links,info,"Az internal link (0 adet, min 3 önerilir)"
spring-cleaning-tekstil-carei,title,warning,"Title çok uzun (67 karakter, max 60)"
spring-cleaning-tekstil-carei,title,info,Title'da Türkçe karakter var (SEO için İngilizce önerilir)
spring-cleaning-tekstil-carei,internal_links,info,"Az internal link (0 adet, min 3 önerilir)"
dry-cleaning-eco-friendly-alternatifler,title,warning,"Title çok uzun (71 karakter, max 60)"
dry-cleaning-eco-friendly-alternatifler,meta_description,warning,"Meta description çok uzun (186 karakter, max 160)"
dry-cleaning-eco-friendly-alternatifler,internal_links,info,"Az internal link (0 adet, min 3 önerilir)"
2025-yilinda-istanbul-dry-cleaning-trendleri,title,warning,"Title çok uzun (65 karakter, max 60)"
2025-yilinda-istanbul-dry-cleaning-trendleri,meta_description,warning,"Meta description çok uzun (192 karakter, max 160)"
2025-yilinda-istanbul-dry-cleaning-trendleri,internal_links,info,"Az internal link (0 adet, min 3 önerilir)"
dry-cleaning-perfect-results,title,warning,"Title çok uzun (63 karakter, max 60)"
dry-cleaning-perfect-results,meta_description,warning,"Meta description çok uzun (178 karakter, max 160)"
dry-cleaning-perfect-results,internal_links,info,"Az internal link (0 adet, min 3 önerilir)"
2025-tekstil-care-ozeti,internal_links,info,"Az internal link (0 adet, min 3 önerilir)"
ev-perdelerinizi-temiz-tutma-guide,internal_links,info,"Az internal link (0 adet, min 3 önerilir)"
dry-cleaning-hatalari-ve-cozumleri,title,warning,"Title çok uzun (67 karakter, max 60)"
dry-cleaning-hatalari-ve-cozumleri,meta_description,warning,"Meta description çok uzun (182 karakter, max 160)"
dry-cleaning-hatalari-ve-cozumleri,internal_links,info,"Az internal link (0 adet, min 3 önerilir)"
koltuk-upholstery-renewal-guide,title,warning,"Title çok uzun (62 karakter, max 60)"
koltuk-upholstery-renewal-guide,meta_description,warning,"Meta description çok uzun (163 karakter, max 160)"
koltuk-upholstery-renewal-guide,internal_links,info,"Az internal link (0 adet, min 3 önerilir)"
deri-ve-kumas-canta-care-guide,title,info,Title'da Türkçe karakter var (SEO için İngilizce önerilir)
deri-ve-kumas-canta-care-guide,internal_links,info,"Az internal link (0 adet, min 3 önerilir)"
istanbul-sicakliginda-hali-carei,title,warning,"Title çok uzun (64 karakter, max 60)"
istanbul-sicakliginda-hali-carei,title,info,Title'da Türkçe karakter var (SEO için İngilizce önerilir)
istanbul-sicakliginda-hali-carei,meta_description,warning,"Meta description çok uzun (165 karakter, max 160)"
istanbul-sicakliginda-hali-carei,internal_links,info,"Az internal link (0 adet, min 3 önerilir)"
perde-temizleme,title,warning,"Title çok uzun (69 karakter, max 60)"
perde-temizleme,title,info,Title'da Türkçe karakter var (SEO için İngilizce önerilir)
perde-temizleme,internal_links,info,"Az internal link (0 adet, min 3 önerilir)"
solmus-kiyafetlere-yeni-hayat-verme-guide,title,warning,"Title çok uzun (63 karakter, max 60)"
solmus-kiyafetlere-yeni-hayat-verme-guide,title,info,Title'da Türkçe karakter var (SEO için İngilizce önerilir)
solmus-kiyafetlere-yeni-hayat-verme-guide,meta_description,warning,"Meta description çok uzun (164 karakter, max 160)"
solmus-kiyafetlere-yeni-hayat-verme-guide,internal_links,info,"Az internal link (0 adet, min 3 önerilir)"
hot-weather-dry-cleaning,title,warning,"Title çok uzun (61 karakter, max 60)"
hot-weather-dry-cleaning,meta_description,warning,"Meta description çok uzun (176 karakter, max 160)"
hot-weather-dry-cleaning,internal_links,info,"Az internal link (0 adet, min 3 önerilir)"
carpet-cleaning-technology-innovations,title,warning,"Title çok uzun (64 karakter, max 60)"
carpet-cleaning-technology-innovations,meta_description,warning,"Meta description çok uzun (165 karakter, max 160)"
carpet-cleaning-technology-innovations,internal_links,info,"Az internal link (0 adet, min 3 önerilir)"
antik-mobilya-tekstil-carei,internal_links,info,"Az internal link (0 adet, min 3 önerilir)"
ipek-kumaslar-dry-cleaning-guide,title,warning,"Title çok uzun (67 karakter, max 60)"
ipek-kumaslar-dry-cleaning-guide,title,info,Title'da Türkçe karakter var (SEO için İngilizce önerilir)
ipek-kumaslar-dry-cleaning-guide,meta_description,warning,"Meta description çok uzun (182 karakter, max 160)"
ipek-kumaslar-dry-cleaning-guide,internal_links,info,"Az internal link (0 adet, min 3 önerilir)"
lostra-hizmeti,title,warning,"Title çok uzun (74 karakter, max 60)"
lostra-hizmeti,title,info,Title'da Türkçe karakter var (SEO için İngilizce önerilir)
lostra-hizmeti,meta_description,warning,"Meta description çok uzun (163 karakter, max 160)"
lostra-hizmeti,internal_links,info,"Az internal link (0 adet, min 3 önerilir)"
kumas-ve-deri-koltuk-temizligi-guide,title,info,Title'da Türkçe karakter var (SEO için İngilizce önerilir)
kumas-ve-deri-koltuk-temizligi-guide,internal_links,info,"Az internal link (0 adet, min 3 önerilir)"
valentines-day-ozel-kiyafet-carei,title,warning,"Title çok uzun (66 karakter, max 60)"
valentines-day-ozel-kiyafet-carei,meta_description,warning,"Meta description çok uzun (181 karakter, max 160)"
valentines-day-ozel-kiyafet-carei,internal_links,info,"Az internal link (0 adet, min 3 önerilir)"
